date,avg_daily_kwh,peak_hour_kwh,weekly_std_kwh,day_night_ratio
2006-12-16,3.0534747474747475,3.454608695652174,1.2040017622320227,1.4380524276546796
2006-12-17,2.354486111111111,3.2829066666666664,1.2040017622320227,1.043135033505279
2006-12-18,1.5304347222222223,2.4784466666666667,1.4358370999426562,1.2917417988889792
2006-12-19,1.1570791666666667,2.1083399999999997,1.4358370999426562,1.3152966875380399
2006-12-20,1.5456583333333334,2.7761,1.4358370999426562,0.7570677487092853
2006-12-21,1.1924402777777778,1.9625399999999997,1.4358370999426562,1.0951350216942501
2006-12-22,1.6259291666666669,3.2413333333333334,1.4358370999426562,0.74630278801259
2006-12-23,3.314851388888889,4.18392,1.4358370999426562,1.187328906790573
2006-12-24,1.7708416666666669,0.7207733333333334,1.4358370999426562,1.4559538783663264
2006-12-25,1.9049444444444443,2.3876733333333333,1.4030644353790571,1.1660702271944812
2006-12-26,2.7320208333333333,3.1520866666666665,1.4030644353790571,1.2518949389303629
2006-12-27,1.0616388888888888,1.5489533333333332,1.4030644353790571,1.1072742009296068
2006-12-28,1.4393319444444443,2.9954066666666663,1.4030644353790571,0.6932680634551315
2006-12-29,2.204438888888889,2.4723866666666665,1.4030644353790571,0.8140066996812452
2006-12-30,1.9460666666666666,3.0621933333333335,1.4030644353790571,1.9258477363419386
2006-12-31,2.426525,2.492713333333333,1.4030644353790571,1.8167415014792303
2007-01-01,1.9090305555555556,0.9345000000000001,1.1906883435424107,1.4007762120015927
2007-01-02,0.8814138888888889,1.9043066666666668,1.1906883435424107,0.7357880571541104
2007-01-03,0.7042041666666666,0.47540666666666664,1.1906883435424107,0.9585557675816408
2007-01-04,2.2634805555555553,2.03564,1.1906883435424107,1.2514633698191457
2007-01-05,1.8842805555555555,2.4658666666666664,1.1906883435424107,0.604676771679155
2007-01-06,1.047484722222222,1.12324,1.1906883435424107,1.8102372825779143
2007-01-07,1.6997361111111111,3.75886,1.1906883435424107,0.8151278202625819
2007-01-08,1.5565,2.70656,1.4003517547586333,0.7898776754014
2007-01-09,1.2979541666666667,2.6539733333333335,1.4003517547586333,0.9035152399032077
2007-01-10,1.496388888888889,2.6015333333333333,1.4003517547586333,1.4253147574122471
2007-01-11,1.5661069444444444,3.69564,1.4003517547586333,0.8483499875421273
2007-01-12,1.014788888888889,1.83288,1.4003517547586333,0.8038375319712037
2007-01-13,2.2130652777777775,3.466846666666667,1.4003517547586333,0.9150513674757585
2007-01-14,2.090992361111111,3.2791300000000003,1.4003517547586333,0.8177372257045248
2007-01-15,1.4921375,2.2755199999999998,1.3916357946381486,0.9988632029396716
2007-01-16,1.1711138888888888,2.1493533333333334,1.3916357946381486,1.399966983454726
2007-01-17,1.977561111111111,2.8215333333333334,1.3916357946381486,1.6454929721393867
2007-01-18,1.2649041666666667,2.765426666666667,1.3916357946381486,0.7572554021174331
2007-01-19,1.0280833333333335,1.40086,1.3916357946381486,1.0854439830284044
2007-01-20,2.1762027777777777,3.7178533333333332,1.3916357946381486,1.0789815171096104
2007-01-21,2.366154166666667,4.76348,1.3916357946381486,0.7824547122867445
2007-01-22,1.5142319444444445,2.6478466666666667,1.218531554830983,1.1263693934588972
2007-01-23,1.2344722222222222,2.9064733333333335,1.218531554830983,0.49294445088326644
2007-01-24,2.074898611111111,2.1062399999999997,1.218531554830983,1.4664552301642073
2007-01-25,1.1085722222222223,2.31032,1.218531554830983,0.8772964289662276
2007-01-26,1.1235916666666665,1.4639466666666667,1.218531554830983,1.1484329977399899
2007-01-27,1.4194944444444444,1.7308466666666666,1.218531554830983,1.6336518342146222
2007-01-28,2.1475173611111114,3.0353833333333333,1.218531554830983,1.1296050166929272
2007-01-29,1.37685,2.4193200000000004,1.3269425621780973,1.1688844159537928
2007-01-30,1.1859708333333334,2.551746666666667,1.3269425621780973,0.8526009993079045
2007-01-31,1.6414944444444444,2.2516333333333334,1.3269425621780973,1.7394576602762457
2007-02-01,1.2671944444444445,2.0090333333333334,1.3269425621780973,1.1300219683758108
2007-02-02,1.15815,1.3220933333333333,1.3269425621780973,0.9665724103287338
2007-02-03,2.7984180555555556,4.09426,1.3269425621780973,0.6108449724578474
2007-02-04,2.4971805555555555,2.7284466666666667,1.3269425621780973,0.8400877689433442
2007-02-05,1.1425555555555555,1.9523933333333332,1.2521506669503109,1.0372058007766065
2007-02-06,0.8843611111111112,1.331,1.2521506669503109,1.2234016921513649
2007-02-07,1.6166791666666667,2.19234,1.2521506669503109,1.6051368245776199
2007-02-08,1.2509819444444443,2.5224599999999997,1.2521506669503109,0.8831896263339242
2007-02-09,1.1251375000000001,1.41588,1.2521506669503109,1.0733969609250829
2007-02-10,1.964811111111111,3.33194,1.2521506669503109,0.9008935649883769
2007-02-11,2.4800194444444443,2.76784,1.2521506669503109,1.0796203231911488
2007-02-12,1.3038958333333333,1.9920933333333335,1.3357927715891635,1.189678617160477
2007-02-13,0.9823236111111111,2.2374666666666667,1.3357927715891635,0.7421246702448133
2007-02-14,1.735188888888889,2.1884,1.3357927715891635,2.0380468351044425
2007-02-15,1.3787125,2.5767733333333336,1.3357927715891635,0.7038349773691194
2007-02-16,1.182311111111111,2.1148333333333333,1.3357927715891635,0.5339637873371007
2007-02-17,1.4423,1.7705466666666667,1.3357927715891635,0.7104765983380413
2007-02-18,2.6595569444444447,3.1038533333333334,1.3357927715891635,1.292350972962943
2007-02-19,1.5184819444444444,3.1769533333333335,1.3155894686939644,0.5876113956456773
2007-02-20,2.18745,2.134866666666667,1.3155894686939644,0.7961981314550565
2007-02-21,1.4394958333333332,2.8095399999999997,1.3155894686939644,0.744605533588854
2007-02-22,2.3454305555555557,3.3262866666666664,1.3155894686939644,0.5585435590363981
2007-02-23,0.9121388888888889,0.39430000000000004,1.3155894686939644,3.4373125050674305
2007-02-24,0.4964736111111111,0.39506,1.3155894686939644,1.6043378795826777
2007-02-25,0.3484305555555556,0.2777866666666667,1.3155894686939644,1.0391293038982994
2007-02-26,0.3947805555555556,0.2731866666666667,0.844942278946761,0.829876266625465
2007-02-27,0.35979999999999995,0.47437333333333337,0.844942278946761,1.0104770552490046
2007-02-28,0.36164861111111113,0.47307333333333335,0.844942278946761,0.9974455354403189
2007-03-01,0.3594194444444444,0.2871666666666667,0.844942278946761,1.0446730507885336
2007-03-02,0.35811666666666664,0.27496,0.844942278946761,0.9934747649678377
2007-03-03,0.5688347222222222,1.0970133333333332,0.844942278946761,0.4857954442392735
2007-03-04,1.4518749999999998,4.332666666666666,0.844942278946761,0.6658141191431182
2007-03-05,1.8474527777777776,3.8859333333333335,1.3644170435442213,1.1091081488622543
2007-03-06,0.865625,1.4905266666666668,1.3644170435442213,1.0875131045247035
2007-03-07,1.6494486111111113,3.0700266666666667,1.3644170435442213,0.8968112377316905
2007-03-08,1.0917583333333334,2.31386,1.3644170435442213,0.5971919415631255
2007-03-09,0.8837583333333334,0.4926066666666667,1.3644170435442213,2.6237342961604613
2007-03-10,1.7254944444444444,2.3630999999999998,1.3644170435442213,1.2443834230588577
2007-03-11,2.417108333333333,3.1378333333333335,1.3644170435442213,0.8244947125530606
2007-03-12,1.3546305555555556,2.2388866666666667,1.1891719367304403,1.3081058951319193
2007-03-13,0.8959333333333334,1.7855933333333334,1.1891719367304403,0.5801215945444123
2007-03-14,1.2453916666666667,2.23476,1.1891719367304403,0.8788360076604911
2007-03-15,1.3088986111111112,2.3997733333333335,1.1891719367304403,0.9690005891914707
2007-03-16,1.1819819444444446,2.26708,1.1891719367304403,0.5703314567452915
2007-03-17,1.4083958333333333,2.9478733333333333,1.1891719367304403,1.188436761516299
2007-03-18,1.6465597222222221,2.6132,1.1891719367304403,1.3086793364063196
2007-03-19,1.4948041666666667,2.865346666666667,1.2994620099979983,0.8834683177465421
2007-03-20,1.4487694444444446,2.41636,1.2994620099979983,0.8264837464214111
2007-03-21,1.487563888888889,2.077933333333333,1.2994620099979983,0.973430766140994
2007-03-22,1.010401388888889,1.2024266666666668,1.2994620099979983,0.9690442615363378
2007-03-23,0.9090333333333334,1.49092,1.2994620099979983,0.7226373429698666
2007-03-24,2.0614097222222223,3.515293333333333,1.2994620099979983,0.9244428481777492
2007-03-25,2.317120138888889,2.6637633333333333,1.2994620099979983,0.7639315923028125
2007-03-26,0.9833902777777779,1.1110533333333334,1.2744573214878339,1.4152527340578673
2007-03-27,0.7674583333333334,1.73014,1.2744573214878339,0.5679347594766457
2007-03-28,1.6207625,2.153506666666667,1.2744573214878339,1.652470291943593
2007-03-29,1.1044486111111111,2.2903266666666666,1.2744573214878339,0.5784978125024812
2007-03-30,0.9738847222222222,1.2439866666666668,1.2744573214878339,1.3843668921147574
2007-03-31,2.4371597222222223,3.3815066666666667,1.2744573214878339,0.9979243734123961
2007-04-01,1.9346888888888887,3.3855666666666666,1.2744573214878339,0.6972754178379045
2007-04-02,1.3616513888888888,1.8216533333333333,1.162426857030073,0.7576877290362369
2007-04-03,1.1408472222222221,2.096713333333333,1.162426857030073,0.6792702398256556
2007-04-04,1.4249083333333332,1.8136466666666669,1.162426857030073,1.3924806910189922
2007-04-05,1.2806097222222221,2.4951266666666667,1.162426857030073,0.7213910192742833
2007-04-06,1.111902777777778,1.962446666666667,1.162426857030073,0.7692076499109396
2007-04-07,1.079113888888889,1.0799266666666667,1.162426857030073,0.7220589473870854
2007-04-08,1.1172333333333333,0.3004466666666667,1.162426857030073,0.5909181705809642
2007-04-09,0.6950833333333333,1.6148,0.49297172306590387,0.7501538719785139
2007-04-10,0.5398361111111112,0.7138533333333333,0.49297172306590387,0.5292627172326421
2007-04-11,0.6163069444444444,0.30311333333333335,0.49297172306590387,1.270657646962502
2007-04-12,0.37340694444444444,0.4401333333333333,0.49297172306590387,0.9787226212906267
2007-04-13,0.3826541666666667,0.34606,0.49297172306590387,0.9844920479428375
2007-04-14,0.38490833333333335,0.30768666666666666,0.49297172306590387,0.9846461232177256
2007-04-15,0.5042805555555555,0.24630666666666665,0.49297172306590387,1.242658958109427
2007-04-16,0.6613819444444444,1.3495400000000002,0.9939635410406347,0.6660543974921455
2007-04-17,0.8498152777777778,1.3315733333333333,0.9939635410406347,0.8752244935486837
2007-04-18,0.6932263888888889,0.7409533333333334,0.9939635410406347,1.1179253689543676
2007-04-19,0.7143458333333332,0.9152,0.9939635410406347,1.0340062879402052
2007-04-20,0.5712361111111112,0.9421133333333334,0.9939635410406347,0.6953281506335479
2007-04-21,1.162261111111111,2.2727133333333334,0.9939635410406347,0.8514549187581862
2007-04-22,1.5511902777777777,1.8885866666666666,0.9939635410406347,1.8840499621694349
2007-04-23,0.7323375,0.8470666666666666,0.7316065506060833,1.290334070306358
2007-04-24,0.716736111111111,1.4231933333333335,0.7316065506060833,0.6721373093510725
2007-04-25,0.8778902777777778,1.0204,0.7316065506060833,1.071690308878284
2007-04-26,0.8857402777777778,1.32808,0.7316065506060833,1.2059405461123909
2007-04-27,0.7599527777777778,1.4242733333333333,0.7316065506060833,0.476620078639223
2007-04-28,0.4517678243227115,0.4117448979591837,0.7316065506060833,0.9626168452040533
2007-04-29,0.34262567132116006,0.3112078410311493,0.7316065506060833,1.0
2007-04-30,0.44955511546723953,0.8656666666666666,0.9621389462436153,0.4742586581631027
2007-05-01,1.1554569444444445,2.0109999999999997,0.9621389462436153,0.9110570517591494
2007-05-02,0.6968652777777777,0.7793066666666667,0.9621389462436153,0.8688421397656417
2007-05-03,0.7571097222222223,1.0549799999999998,0.9621389462436153,0.46957300026689164
2007-05-04,0.6931444444444445,1.4512800000000001,0.9621389462436153,0.5700452391888406
2007-05-05,1.0854527777777778,1.5885266666666666,0.9621389462436153,1.1988059600711247
2007-05-06,1.4597944444444444,1.9192533333333333,0.9621389462436153,0.8432329864508911
2007-05-07,1.1414333333333333,1.18776,1.0340322716249408,1.6969893870478667
2007-05-08,1.2425638888888888,1.26766,1.0340322716249408,1.3964973186111422
2007-05-09,1.1567611111111111,1.9244599999999998,1.0340322716249408,1.0866092612032097
2007-05-10,0.4915861111111111,1.07678,1.0340322716249408,0.6177395469586997
2007-05-11,0.6799680555555555,0.9727466666666668,1.0340322716249408,1.125269143948602
2007-05-12,1.0010875000000001,1.6473933333333335,1.0340322716249408,1.3465203420895853
2007-05-13,1.1352347222222223,1.63404,1.0340322716249408,1.7645198603820555
2007-05-14,1.0192930555555555,2.2362333333333333,1.0066663413962729,0.5625806424139709
2007-05-15,0.62805,0.5921466666666667,1.0066663413962729,1.3195248061061187
2007-05-16,1.1756555555555555,1.4292200000000002,1.0066663413962729,1.8213288181690919
2007-05-17,0.8554277777777778,1.2638733333333332,1.0066663413962729,0.9285937950124626
2007-05-18,1.1330069444444444,2.0251266666666665,1.0066663413962729,0.8678589909739934
2007-05-19,0.9926680555555556,0.9516866666666666,1.0066663413962729,2.4844722010959654
2007-05-20,1.3668944444444444,2.8608066666666665,1.0066663413962729,0.7096569095804742
2007-05-21,0.7778208333333333,0.8670466666666666,1.0569739075192774,0.9534579524010506
2007-05-22,0.7867027777777779,1.32258,1.0569739075192774,0.6513925696576375
2007-05-23,1.0173166666666666,1.0467666666666666,1.0569739075192774,1.6961383722342669
2007-05-24,0.8016583333333333,1.25112,1.0569739075192774,0.7758121533023005
2007-05-25,1.1209861111111112,2.6178600000000003,1.0569739075192774,0.5422965430131259
2007-05-26,1.0501722222222223,1.30006,1.0569739075192774,1.1973769481812133
2007-05-27,1.4957,2.6938400000000002,1.0569739075192774,1.66899305305995
2007-05-28,1.1371305555555555,2.2832066666666666,0.9724172603966699,0.8498909813934049
2007-05-29,0.7370416666666666,1.0080866666666666,0.9724172603966699,1.081499611682474
2007-05-30,1.1179625,1.8590933333333333,0.9724172603966699,1.6300530628782037
2007-05-31,0.6517708333333333,1.3180466666666666,0.9724172603966699,0.5355003157546864
2007-06-01,0.7259513888888888,0.7139399999999999,0.9724172603966699,1.803261895567855
2007-06-02,1.0308069444444445,1.7825866666666665,0.9724172603966699,1.54233392365952
2007-06-03,1.4639069444444444,1.8146533333333332,0.9724172603966699,1.185520174341812
2007-06-04,0.6330680555555556,0.8993666666666666,0.9663260678287231,0.9833476925219086
2007-06-05,1.0131194444444445,1.1625599999999998,0.9663260678287231,0.911921892405478
2007-06-06,1.1776479166666667,1.5472299999999999,0.9663260678287231,0.9426522188886481
2007-06-07,0.6840291666666667,1.1383266666666667,0.9663260678287231,1.0785017936273475
2007-06-08,1.491698611111111,2.5478533333333333,0.9663260678287231,1.7052181381747473
2007-06-09,0.7675416666666667,1.21499,0.9663260678287231,0.8403145340559787
2007-06-10,0.9311194444444444,0.72748,0.9663260678287231,1.850741381729735
2007-06-11,0.5518430555555556,0.5048333333333332,0.9968653182096339,1.5430718322569907
2007-06-12,0.6380319444444444,1.3265733333333332,0.9968653182096339,0.5489606339037343
2007-06-13,0.643938888888889,0.8818533333333333,0.9968653182096339,1.0007336028964369
2007-06-14,0.8743638888888889,1.7851400000000002,0.9968653182096339,0.4622318742959341
2007-06-15,0.687225,1.1805266666666667,0.9968653182096339,0.7804140849327491
2007-06-16,1.4012236111111112,2.599626666666667,0.9968653182096339,1.1027991996331652
2007-06-17,1.3521458333333334,2.608566666666667,0.9968653182096339,0.8321966146862543
2007-06-18,0.47116250000000004,0.5645533333333332,0.6206638777719532,1.305805346546767
2007-06-19,0.5870180555555555,0.7628133333333333,0.6206638777719532,1.108373573309921
2007-06-20,0.7460319444444445,1.4604733333333333,0.6206638777719532,0.8873811038064351
2007-06-21,0.5603791666666667,0.6018466666666666,0.6206638777719532,0.9490036953843923
2007-06-22,0.3932597222222222,0.34662000000000004,0.6206638777719532,1.351621610398239
2007-06-23,0.33164305555555557,0.5743733333333334,0.6206638777719532,1.3530750810528496
2007-06-24,0.49628888888888884,0.6605133333333333,0.6206638777719532,0.978461759934444
2007-06-25,0.7445847222222223,1.1776799999999998,0.9926958338185132,0.5921411749332525
2007-06-26,0.6561861111111111,0.5469266666666667,0.9926958338185132,0.6078012325974729
2007-06-27,1.0283513888888889,2.1937333333333333,0.9926958338185132,0.7032852768710159
2007-06-28,0.8996097222222222,1.7726199999999999,0.9926958338185132,0.7557785566552004
2007-06-29,0.9058902777777778,1.7099066666666667,0.9926958338185132,0.7757766833016153
2007-06-30,0.9273013888888889,2.0943066666666668,0.9926958338185132,0.7421153570170517
2007-07-01,0.7129611111111112,0.6711066666666666,0.9926958338185132,0.6896981905918679
2007-07-02,0.67155,1.1998333333333333,0.9447517596420485,0.43657301768397033
2007-07-03,0.73605,0.7480666666666667,0.9447517596420485,0.6617937574081391
2007-07-04,0.6968125,0.9937199999999999,0.9447517596420485,0.9459129254339184
2007-07-05,0.7342291666666666,1.2803,0.9447517596420485,0.5101683440125465
2007-07-06,0.7427250000000001,1.9341533333333332,0.9447517596420485,0.32832072729982487
2007-07-07,0.943198611111111,1.1081400000000001,0.9447517596420485,0.6943899000736037
2007-07-08,0.7563055555555555,1.0084133333333334,0.9447517596420485,0.861757958473368
2007-07-09,0.8195541666666666,0.5995333333333334,0.8046807728338453,0.9596596626515627
2007-07-10,0.6307805555555556,0.5988133333333333,0.8046807728338453,0.7009749027157202
2007-07-11,0.5016333333333333,0.38614,0.8046807728338453,2.184917373591295
2007-07-12,0.7427652777777779,1.7973933333333332,0.8046807728338453,0.4100051940108046
2007-07-13,0.5516541666666667,0.6305533333333333,0.8046807728338453,1.2262572024303298
2007-07-14,0.8945625,1.3792,0.8046807728338453,1.032974663767009
2007-07-15,0.7267368055555555,1.0759595238095239,0.8046807728338453,0.9569937313747832
2007-07-16,0.5928291666666666,0.80284,0.7770568855100227,0.9882198404158691
2007-07-17,0.49974444444444444,0.6596133333333333,0.7770568855100227,0.9876921037221997
2007-07-18,0.5257513888888888,0.38610666666666665,0.7770568855100227,2.5150336143817555
2007-07-19,0.47075416666666664,0.8427600000000001,0.7770568855100227,0.7543996770119463
2007-07-20,0.771126388888889,1.6551666666666667,0.7770568855100227,0.6703048426448777
2007-07-21,0.7362833333333334,0.9337599999999999,0.7770568855100227,1.328894824473156
2007-07-22,0.9564895833333333,1.0537833333333333,0.7770568855100227,1.3797343036485303
2007-07-23,0.6882069444444444,0.8329133333333333,0.8156798206219693,1.6087521914699827
2007-07-24,0.5731138888888889,0.6300333333333333,0.8156798206219693,1.1470300532800533
2007-07-25,0.32816666666666666,0.3330066666666667,0.8156798206219693,1.103314135146924
2007-07-26,0.6420138888888889,1.4692066666666668,0.8156798206219693,0.6104139521596442
2007-07-27,0.8350791666666666,1.1913066666666667,0.8156798206219693,1.124996023962254
2007-07-28,1.1262930555555557,1.9527799999999997,0.8156798206219693,1.6878542402768295
2007-07-29,0.2229972222222222,0.31360666666666664,0.8156798206219693,0.9302940681430185
2007-07-30,0.3241777777777778,0.5313,0.6769367583367012,0.6301718117055454
2007-07-31,0.5641194444444444,0.9590466666666667,0.6769367583367012,1.0445489232751766
2007-08-01,0.7528979166666667,0.2159066666666667,0.6769367583367012,3.695544275728256
2007-08-02,0.7079277777777778,0.17392000000000002,0.6769367583367012,1.2340426464464946
2007-08-03,0.7384472222222223,0.2117,0.6769367583367012,2.4236903956985096
2007-08-04,0.7951319444444445,0.34839333333333333,0.6769367583367012,1.5289674213141908
2007-08-05,0.5465958333333333,0.18981333333333333,0.6769367583367012,1.4620201691607027
2007-08-06,0.75675,0.21672000000000002,0.9230950003647707,1.9041697536951065
2007-08-07,1.0302638888888889,1.1316466666666667,0.9230950003647707,1.7094184424103849
2007-08-08,0.7815847222222222,0.21550000000000002,0.9230950003647707,1.807094292940126
2007-08-09,0.7442222222222222,0.16136666666666666,0.9230950003647707,2.2917644457003843
2007-08-10,0.7138958333333333,0.18629333333333334,0.9230950003647707,2.8803665929353857
2007-08-11,0.7580902777777778,0.2843133333333333,0.9230950003647707,3.479188891989036
2007-08-12,0.8624333333333334,0.33999333333333337,0.9230950003647707,0.7996991574670101
2007-08-13,0.8007027777777778,0.17106666666666667,0.8905289869019951,1.451297707327029
2007-08-14,0.6536041666666667,0.21027333333333334,0.8905289869019951,1.7522106814513296
2007-08-15,0.8276805555555555,0.17617333333333332,0.8905289869019951,1.8079442114686899
2007-08-16,0.6656222222222222,0.17594666666666667,0.8905289869019951,1.8909022910156958
2007-08-17,0.7013138888888888,0.33233999999999997,0.8905289869019951,1.3905824649777725
2007-08-18,0.24163888888888888,0.35408,0.8905289869019951,0.9868668988751214
2007-08-19,0.9877041666666667,2.576513333333333,0.8905289869019951,0.8950376797382139
2007-08-20,0.929751388888889,1.1062466666666668,1.0041103913192135,2.0513248278156864
2007-08-21,0.44621944444444445,0.8300066666666667,1.0041103913192135,0.7748106573270506
2007-08-22,0.8401444444444445,1.8720666666666668,1.0041103913192135,0.4379571587162353
2007-08-23,0.7724388888888888,0.88914,1.0041103913192135,1.4445665408097335
2007-08-24,1.1503569444444444,1.7301733333333333,1.0041103913192135,0.8110589001887026
2007-08-25,0.7992222222222223,0.82656,1.0041103913192135,1.1275164063222107
2007-08-26,0.9131291666666667,1.073,1.0041103913192135,1.7606096869685708
2007-08-27,0.8414791666666667,0.9261600000000001,0.9411265021206859,0.9134250676638064
2007-08-28,0.6923638888888889,0.47413333333333335,0.9411265021206859,0.9825488675455865
2007-08-29,0.5194388888888889,0.6941733333333334,0.9411265021206859,1.2659969584421407
2007-08-30,0.8350402777777778,1.62374,0.9411265021206859,0.4865053973465725
2007-08-31,0.8887652777777777,1.4777,0.9411265021206859,0.825563150447325
2007-09-01,1.1815875,1.81978,0.9411265021206859,1.0343942799751302
2007-09-02,1.1544916666666667,1.8438533333333331,0.9411265021206859,1.1123258012380692
2007-09-03,0.7214736111111111,0.9100333333333332,1.0178778604626897,1.437422285202164
2007-09-04,1.1006555555555555,2.0756333333333337,1.0178778604626897,1.2460321059314348
2007-09-05,0.8587305555555554,1.35454,1.0178778604626897,0.8384407243317178
2007-09-06,0.6260236111111112,0.8669133333333334,1.0178778604626897,0.7708461018653843
2007-09-07,0.9281222222222223,1.57378,1.0178778604626897,1.0707961859430248
2007-09-08,1.020661111111111,1.7547333333333333,1.0178778604626897,1.2766592210962648
2007-09-09,1.1663208333333333,1.9942333333333333,1.0178778604626897,1.0574971456012858
2007-09-10,0.7759555555555555,1.6120066666666666,0.9707110305267558,0.480195632706482
2007-09-11,0.6830361111111111,0.9297933333333332,0.9707110305267558,0.6594377726863209
2007-09-12,0.8942805555555555,1.4541333333333333,0.9707110305267558,0.4536091783796963
2007-09-13,0.7960986111111111,1.5044133333333334,0.9707110305267558,0.8747416138992098
2007-09-14,0.7885208333333333,1.05186,0.9707110305267558,0.8763323054957912
2007-09-15,0.7606333333333333,0.68982,0.9707110305267558,1.4678860634573008
2007-09-16,1.1473777777777778,2.4803066666666664,0.9707110305267558,0.6481892327582078
2007-09-17,1.0147125,2.4493533333333333,1.0693300934737306,0.3816551653709192
2007-09-18,0.8107777777777778,1.5388266666666668,1.0693300934737306,0.7665767884108495
2007-09-19,0.9018638888888889,1.7274933333333335,1.0693300934737306,1.7864210987049318
2007-09-20,0.8718972222222222,1.16202,1.0693300934737306,0.8357180245224038
2007-09-21,0.8602638888888888,1.9808666666666666,1.0693300934737306,0.6034451068764934
2007-09-22,0.8167861111111111,1.1396466666666667,1.0693300934737306,1.6857534309136162
2007-09-23,0.9847013888888889,2.2196933333333333,1.0693300934737306,0.7446098044716106
2007-09-24,0.9406458333333333,2.07104,1.1714668061354179,1.4244056802683343
2007-09-25,1.2252375,1.5966133333333332,1.1714668061354179,1.4388633008398901
2007-09-26,1.271875,2.26816,1.1714668061354179,1.2572431438473333
2007-09-27,0.9670833333333333,1.4003466666666666,1.1714668061354179,1.191552310210248
2007-09-28,1.1670125,1.0218133333333332,1.1714668061354179,2.454147448388131
2007-09-29,1.5948069444444444,2.30266,1.1714668061354179,1.3581159896496486
2007-09-30,1.0529791666666666,1.71712,1.1714668061354179,1.069664467272524
2007-10-01,1.1950847222222223,1.5288733333333333,1.0835208222511976,1.1644911768775075
2007-10-02,1.526988888888889,2.0378066666666665,1.0835208222511976,1.6167046284858826
2007-10-03,0.8892041666666667,1.1960066666666667,1.0835208222511976,1.3181428121413132
2007-10-04,1.0544847222222222,1.9687999999999999,1.0835208222511976,0.8964226123272753
2007-10-05,0.9681194444444445,1.1463666666666668,1.0835208222511976,1.5271954694762488
2007-10-06,1.2196111111111112,2.062753333333333,1.0835208222511976,1.0147252157273932
2007-10-07,1.4625791666666668,2.556973333333333,1.0835208222511976,0.994751038994988
2007-10-08,0.7605847222222222,1.39126,1.216069219015792,0.6361938737705115
2007-10-09,1.172123611111111,2.0140866666666666,1.216069219015792,1.4030347985295835
2007-10-10,0.8103972222222222,1.7751933333333334,1.216069219015792,0.6856498213197207
2007-10-11,1.2030874999999999,2.2727133333333334,1.216069219015792,0.6158887151955169
2007-10-12,1.3295166666666667,1.8052066666666666,1.216069219015792,1.6495831534194705
2007-10-13,1.3380055555555557,3.11686,1.216069219015792,0.6166239589468897
2007-10-14,1.431425,1.9781933333333332,1.216069219015792,1.280933242446508
2007-10-15,0.8793958333333333,1.44968,1.1027947312425885,1.1119720611878665
2007-10-16,1.3641958333333333,1.3300066666666668,1.1027947312425885,1.5834188142092889
2007-10-17,1.0950902777777778,1.64202,1.1027947312425885,1.2856708024118737
2007-10-18,1.054534722222222,1.7366666666666666,1.1027947312425885,0.8110423096922541
2007-10-19,1.4483666666666668,1.2824133333333334,1.1027947312425885,2.101704291960382
2007-10-20,1.1529486111111111,1.2704199999999999,1.1027947312425885,2.271652767486955
2007-10-21,1.3485694444444445,1.7372733333333334,1.1027947312425885,1.6877839076768912
2007-10-22,1.1478444444444444,1.2346466666666667,1.1316188167833112,2.155790944811233
2007-10-23,1.3608972222222222,2.8076133333333333,1.1316188167833112,1.2274998522344427
2007-10-24,1.2955805555555555,2.4368866666666666,1.1316188167833112,0.726107801938133
2007-10-25,1.2874430555555554,2.294966666666667,1.1316188167833112,0.8975347333815072
2007-10-26,0.9983111111111111,1.2250333333333332,1.1316188167833112,1.3503806210270228
2007-10-27,1.2400611111111113,0.28922000000000003,1.1316188167833112,4.732030507691122
2007-10-28,0.3556652777777778,0.28145333333333333,1.1316188167833112,1.0357335919613329
2007-10-29,0.37876944444444444,0.26997333333333334,0.8602883358008098,0.8423634005296439
2007-10-30,0.5632,0.26095999999999997,0.8602883358008098,3.2553387971834242
2007-10-31,0.8911180555555556,1.0102933333333335,0.8602883358008098,2.2664620052743585
2007-11-01,0.3445944444444444,0.4523066666666667,0.8602883358008098,1.0036987684231777
2007-11-02,1.002501388888889,1.6383999999999999,0.8602883358008098,1.9212304927799007
2007-11-03,0.3420486111111111,0.45332000000000006,0.8602883358008098,1.0119684653404681
2007-11-04,1.0317263888888888,3.0537466666666666,0.8602883358008098,0.5134826218325771
2007-11-05,1.0420777777777779,1.66102,1.1772267190529837,0.9882922537544025
2007-11-06,1.4460958333333334,1.6415333333333333,1.1772267190529837,1.380339359688349
2007-11-07,1.2810819444444446,2.9741,1.1772267190529837,0.8068361234412158
2007-11-08,1.0424027777777778,2.1194533333333334,1.1772267190529837,0.7595316855428775
2007-11-09,1.5077958333333334,2.04648,1.1772267190529837,1.6276358337851444
2007-11-10,1.813611111111111,3.5929133333333336,1.1772267190529837,0.8780679688589924
2007-11-11,1.3105027777777778,2.4814533333333335,1.1772267190529837,0.6041271044815705
2007-11-12,1.4973236111111112,2.6109533333333337,1.2838718343900852,1.1726144172830053
2007-11-13,1.537776388888889,2.8355466666666667,1.2838718343900852,1.5420184177114924
2007-11-14,1.4222180555555555,2.0942933333333333,1.2838718343900852,1.3460395574586637
2007-11-15,1.0361027777777778,1.801386666666667,1.2838718343900852,0.8095231164798913
2007-11-16,1.6039958333333333,2.3589466666666667,1.2838718343900852,2.087369842139735
2007-11-17,1.8125652777777779,3.4759533333333335,1.2838718343900852,0.8779221863119512
2007-11-18,1.5165680555555556,3.07938,1.2838718343900852,0.6659963595917738
2007-11-19,1.1969819444444445,2.576,1.2158582444403383,0.8877939043997494
2007-11-20,1.4554555555555557,1.8648200000000001,1.2158582444403383,1.436928514952793
2007-11-21,1.2187916666666667,2.235,1.2158582444403383,0.8802025192781125
2007-11-22,1.3419291666666666,2.8312933333333334,1.2158582444403383,0.7386130525224751
2007-11-23,1.7518180555555556,1.9998466666666666,1.2158582444403383,1.4131987426124653
2007-11-24,1.3187875,1.3227066666666667,1.2158582444403383,2.0299347122680946
2007-11-25,0.9691652777777777,2.01782,1.2158582444403383,0.8046370289911294
2007-11-26,1.0900805555555555,1.8638666666666666,1.3446616733838064,0.9920405485320954
2007-11-27,1.9451472222222224,2.02266,1.3446616733838064,1.862153319204854
2007-11-28,1.1423194444444444,2.0432599999999996,1.3446616733838064,1.0814647972870375
2007-11-29,1.1940680555555556,1.8261133333333333,1.3446616733838064,1.347280391846363
2007-11-30,1.6192555555555557,1.6527666666666667,1.3446616733838064,2.133588135055664
2007-12-01,2.1770430555555556,3.91776,1.3446616733838064,1.0939034555723577
2007-12-02,2.045963888888889,2.5472333333333332,1.3446616733838064,1.185226556299741
2007-12-03,1.2236527777777777,2.02144,1.3284678413340458,0.8129159173124488
2007-12-04,1.4358583333333332,2.2591933333333336,1.3284678413340458,1.1475417327937913
2007-12-05,1.4952222222222222,2.6642866666666665,1.3284678413340458,1.0259739282131963
2007-12-06,1.7277319444444446,2.7435266666666664,1.3284678413340458,0.9511432685340001
2007-12-07,1.2284833333333334,1.05858,1.3284678413340458,2.620521972624271
2007-12-08,1.5370861111111112,3.073,1.3284678413340458,0.980185654370822
2007-12-09,1.5795722222222222,3.592846666666667,1.3284678413340458,1.1979332749687404
2007-12-10,1.2213569444444443,2.50168,1.2453360570925365,1.003360283949689
2007-12-11,1.6007666666666664,2.60368,1.2453360570925365,1.467880459336946
2007-12-12,1.1028208333333334,2.04182,1.2453360570925365,1.1718096978184285
2007-12-13,1.2831569444444446,2.5174933333333334,1.2453360570925365,1.0149330553332185
2007-12-14,1.3713944444444444,1.3196933333333334,1.2453360570925365,2.6939503110702083
2007-12-15,1.9006083333333335,3.524173333333333,1.2453360570925365,1.3132699979714655
2007-12-16,1.9182069444444443,2.81284,1.2453360570925365,1.3185496190895083
2007-12-17,1.2489555555555556,2.5841066666666666,1.2912568628245917,0.9316815816946851
2007-12-18,1.8216625,2.5788733333333336,1.2912568628245917,1.5534838898082353
2007-12-19,1.5250361111111113,2.7043933333333334,1.2912568628245917,1.1998621612633082
2007-12-20,1.353998611111111,2.247473333333333,1.2912568628245917,1.5525136870989111
2007-12-21,1.3767888888888888,2.39324,1.2912568628245917,1.456577551768916
2007-12-22,1.8133777777777778,2.8927266666666664,1.2912568628245917,0.982872026182503
2007-12-23,1.67295,3.554753333333333,1.2912568628245917,0.7178748122783173
2007-12-24,1.56795,2.08256,1.4570470714702677,2.13931836889057
2007-12-25,1.8715055555555555,2.216333333333333,1.4570470714702677,1.1448861963195067
2007-12-26,1.7918611111111113,1.44882,1.4570470714702677,2.166181974354255
2007-12-27,1.7584708333333332,3.37692,1.4570470714702677,0.9097956105286975
2007-12-28,2.1618416666666667,3.7545466666666667,1.4570470714702677,1.3672931181588803
2007-12-29,2.290941666666667,3.157966666666667,1.4570470714702677,0.746910167692904
2007-12-30,1.777025,3.2855,1.4570470714702677,1.0776358180259296
2007-12-31,1.5392652777777778,2.5658133333333333,1.1906883435424107,1.4581375954291593
2008-01-01,1.916484722222222,2.7065200000000003,1.0637895843890364,0.7343753142282554
2008-01-02,1.1417402777777779,1.2380799999999998,1.0637895843890364,1.1544132485251606
2008-01-03,1.048686111111111,2.1248666666666667,1.0637895843890364,1.0340291640064545
2008-01-04,1.5915638888888888,2.468513333333333,1.0637895843890364,1.8857075224626294
2008-01-05,1.5161444444444445,2.65582,1.0637895843890364,1.1180542889850404
2008-01-06,1.2674888888888889,2.776813333333333,1.0637895843890364,0.8728249203231809
2008-01-07,1.177648611111111,1.8219933333333331,1.2701418270272669,0.9970770701927106
2008-01-08,1.4191319444444443,2.1079066666666666,1.2701418270272669,1.4148301329394386
2008-01-09,1.2419722222222223,2.198246666666667,1.2701418270272669,0.9992666687533818
2008-01-10,1.3153305555555557,2.0748533333333334,1.2701418270272669,1.1706965432987304
2008-01-11,1.1845958333333333,1.41142,1.2701418270272669,1.1071916513695736
2008-01-12,1.9940333333333333,3.6279866666666667,1.2701418270272669,0.763961327371979
2008-01-13,2.0042395833333333,3.00987,1.2701418270272669,0.5321134911858904
2008-01-14,1.4062027777777777,2.93008,1.1973981256396815,0.8545201439705464
2008-01-15,1.865911111111111,2.110813333333333,1.1973981256396815,1.9968190517829816
2008-01-16,1.4832305555555554,1.93998,1.1973981256396815,1.4926266356078182
2008-01-17,1.0918625,1.57684,1.1973981256396815,1.3631185164922703
2008-01-18,1.5187416666666667,2.2800933333333333,1.1973981256396815,1.2732392433720212
2008-01-19,1.3752125,2.49942,1.1973981256396815,1.5417149047260892
2008-01-20,1.208588888888889,2.56854,1.1973981256396815,0.925292328115493
2008-01-21,1.2909708333333334,2.117306666666667,1.2767575560275337,1.096880731461366
2008-01-22,1.6145958333333335,2.19662,1.2767575560275337,1.4854593734766657
2008-01-23,1.3071583333333334,1.8545800000000001,1.2767575560275337,1.764238196637051
2008-01-24,1.142376388888889,2.35894,1.2767575560275337,0.7132754680980917
2008-01-25,1.5554555555555558,1.7300933333333335,1.2767575560275337,1.2521935160810922
2008-01-26,1.9687416666666666,3.9287133333333335,1.2767575560275337,0.7513482658798848
2008-01-27,1.6540041666666667,3.5242533333333337,1.2767575560275337,0.7314127447987089
2008-01-28,1.6029138888888887,1.7669133333333331,1.247745583138868,1.1659291121946094
2008-01-29,1.85835,1.4823333333333333,1.247745583138868,1.4875336269513855
2008-01-30,1.1393375,1.1202266666666667,1.247745583138868,0.8347886574187979
2008-01-31,1.3568902777777778,2.47398,1.247745583138868,0.5948352699574585
2008-02-01,1.0657305555555556,0.7395733333333333,1.247745583138868,1.3360469081078448
2008-02-02,2.0419770833333333,3.91904,1.247745583138868,0.7523814461743105
2008-02-03,1.4476166666666668,2.271166666666667,1.247745583138868,0.8030006071792458
2008-02-04,1.130651388888889,1.7595466666666668,1.2010599788196596,1.3298055321036588
2008-02-05,1.7169833333333335,2.9415733333333334,1.2010599788196596,1.6383727059888125
2008-02-06,1.1594027777777778,2.3987666666666665,1.2010599788196596,0.8670474852775735
2008-02-07,1.0543819444444444,1.7888600000000001,1.2010599788196596,0.9775223239869546
2008-02-08,1.3545583333333333,1.2612400000000001,1.2010599788196596,1.454756193635588
2008-02-09,1.4599138888888887,2.3355799999999998,1.2010599788196596,1.1500940926198657
2008-02-10,1.5171625,3.36952,1.2010599788196596,0.7584003786086134
2008-02-11,1.1750111111111112,2.1636333333333333,1.1339239433365673,0.9833596294012701
2008-02-12,1.3804152777777778,1.33786,1.1339239433365673,2.7610648603647925
2008-02-13,1.319790277777778,2.6921999999999997,1.1339239433365673,0.9609784988618987
2008-02-14,1.1143208333333334,1.42912,1.1339239433365673,1.3981222986746693
2008-02-15,1.3925055555555557,1.5691466666666665,1.1339239433365673,1.6486917744526164
2008-02-16,1.6298249999999999,3.3839266666666665,1.1339239433365673,0.8150200685191057
2008-02-17,1.3426166666666666,2.3261000000000003,1.1339239433365673,0.9671478631052433
2008-02-18,1.0516694444444445,1.61202,1.1415323007240172,1.1928879029478803
2008-02-19,1.477025,1.8556266666666665,1.1415323007240172,1.951156227365944
2008-02-20,1.5651319444444445,3.406353333333333,1.1415323007240172,0.7679446630394537
2008-02-21,1.1346180555555554,1.8709666666666664,1.1415323007240172,1.033846613471425
2008-02-22,1.2031694444444445,1.2651266666666667,1.1415323007240172,2.0235241558876704
2008-02-23,1.2753708333333333,2.887706666666667,1.1415323007240172,0.7884950236643749
2008-02-24,0.8770888888888889,0.4280866666666666,1.1415323007240172,0.979816346940631
2008-02-25,0.35033888888888887,0.28186,0.6115529797666833,1.1158746801996393
2008-02-26,0.3521666666666667,0.2688333333333333,0.6115529797666833,1.0119657848380494
2008-02-27,0.39355555555555555,0.26919333333333334,0.6115529797666833,0.8107343008134756
2008-02-28,0.35359999999999997,0.47289333333333333,0.6115529797666833,1.0107411385606875
2008-02-29,0.9259361111111111,0.5509000000000001,0.6115529797666833,3.5051019718614427
2008-03-01,0.7929694444444444,1.1007266666666666,0.6115529797666833,0.6975529985430976
2008-03-02,0.8071013888888889,0.7746,0.6115529797666833,1.9889107770171226
2008-03-03,0.7226041666666666,0.9369600000000001,1.2009687748760567,1.0524397315881038
2008-03-04,1.1590208333333334,1.8088199999999999,1.2009687748760567,1.4625306527147015
2008-03-05,1.4147277777777778,2.933373333333333,1.2009687748760567,0.631855174623518
2008-03-06,1.7383388888888889,2.0873333333333335,1.2009687748760567,1.119049715226092
2008-03-07,1.2937194444444444,1.5297533333333333,1.2009687748760567,1.320139485646678
2008-03-08,1.5615694444444443,3.26892,1.2009687748760567,0.7989452698745908
2008-03-09,1.083651388888889,1.9802466666666665,1.2009687748760567,0.5794429037025041
2008-03-10,1.1240875,1.5235066666666668,1.1614555280645118,1.1521302111863343
2008-03-11,1.5278069444444444,2.285346666666667,1.1614555280645118,0.9486435928050366
2008-03-12,1.2321055555555556,1.8801400000000001,1.1614555280645118,0.6121555535767181
2008-03-13,1.1635513888888889,3.0674533333333334,1.1614555280645118,0.5463704206867656
2008-03-14,1.5348749999999998,2.350773333333333,1.1614555280645118,1.5387669023694333
2008-03-15,1.0946527777777777,1.2325599999999999,1.1614555280645118,1.4045311293959004
2008-03-16,1.2513611111111111,2.5305933333333335,1.1614555280645118,0.5908537123686766
2008-03-17,1.1853597222222223,1.14278,1.137134568878134,1.9748441922395885
2008-03-18,1.3316430555555556,1.8079399999999999,1.137134568878134,1.7926314930998524
2008-03-19,0.9086444444444445,1.4871333333333332,1.137134568878134,1.2673598114646147
2008-03-20,0.8703291666666667,1.4540600000000001,1.137134568878134,1.0342186931906716
2008-03-21,1.4350291666666666,2.2076266666666666,1.137134568878134,1.4954738453958332
2008-03-22,1.4260527777777778,3.0483666666666664,1.137134568878134,0.7985625625134661
2008-03-23,1.6152708333333332,2.88974,1.137134568878134,1.2538619111203273
2008-03-24,1.3724097222222222,1.79978,1.156186863684363,1.1865941147052708
2008-03-25,1.3999,1.74666,1.156186863684363,2.010825407446351
2008-03-26,1.1343555555555556,1.7893200000000002,1.156186863684363,1.2091858263456856
2008-03-27,0.9519597222222222,1.6076533333333334,1.156186863684363,1.1526659778078585
2008-03-28,1.3093222222222223,1.9844266666666666,1.156186863684363,1.3956859396600796
2008-03-29,1.716076388888889,3.0957733333333333,1.156186863684363,0.9668779081521384
2008-03-30,1.4905499999999998,2.4748,1.156186863684363,0.6046350981594176
2008-03-31,0.9566458333333333,1.2410333333333334,1.0402965745089405,0.8920325783900341
2008-04-01,1.4785083333333335,1.3458866666666667,1.0402965745089405,2.1314469608497797
2008-04-02,1.1747722222222223,1.8585333333333331,1.0402965745089405,0.9014942887909232
2008-04-03,0.7838583333333334,1.0225333333333333,1.0402965745089405,1.3967843447019406
2008-04-04,1.1332763888888888,1.3495333333333335,1.0402965745089405,1.2230065494807274
2008-04-05,1.3685847222222223,2.51032,1.0402965745089405,1.218761891680721
2008-04-06,1.1779986111111111,1.7370800000000002,1.0402965745089405,1.084722683085696
2008-04-07,1.0686375,1.8254466666666667,1.2589934616672362,0.9462948207171314
2008-04-08,1.8454972222222223,1.8828266666666664,1.2589934616672362,2.65865599066033
2008-04-09,0.8464250000000001,1.0047866666666665,1.2589934616672362,1.325547495392224
2008-04-10,1.0262125,1.3784066666666666,1.2589934616672362,0.8758216063753355
2008-04-11,1.3039333333333334,1.9133466666666668,1.2589934616672362,1.0563843651775837
2008-04-12,1.9444541666666668,3.7943466666666668,1.2589934616672362,0.8128700178696294
2008-04-13,1.5506847222222222,3.0990599999999997,1.2589934616672362,0.5298008163556122
2008-04-14,1.1038763888888887,0.9924399999999999,1.1089647834372744,1.3071124193024013
2008-04-15,1.1600041666666667,0.8772533333333333,1.1089647834372744,1.7623348789829145
2008-04-16,1.0340722222222223,1.6933733333333334,1.1089647834372744,1.1759061989473099
2008-04-17,0.9693486111111111,1.8072066666666668,1.1089647834372744,0.7004334341187449
2008-04-18,1.293326388888889,1.0655533333333334,1.1089647834372744,1.8126916141348175
2008-04-19,1.565076388888889,2.4055666666666666,1.1089647834372744,1.1029103022272815
2008-04-20,1.2440402777777777,2.2381933333333333,1.1089647834372744,0.7501768331047204
2008-04-21,0.8084416666666666,0.8647800000000001,0.7707327613518425,0.9795743465219255
2008-04-22,1.1303305555555556,1.22212,0.7707327613518425,2.2162552017673165
2008-04-23,0.9425888888888889,1.4968466666666667,0.7707327613518425,0.710515172900494
2008-04-24,0.7248416666666666,0.7635333333333333,0.7707327613518425,0.6484809814710695
2008-04-25,0.8803708333333333,0.5680266666666666,0.7707327613518425,3.0240924846684187
2008-04-26,0.6271986111111112,0.87624,0.7707327613518425,0.9390898473059549
2008-04-27,0.7001666666666667,0.8535,0.7707327613518425,1.0271427709753302
2008-04-28,0.457675,0.36332,0.9646128434001412,1.110033232802505
2008-04-29,1.3698722222222222,1.4167933333333333,0.9646128434001412,1.217583588710493
2008-04-30,0.7650874999999999,0.4547466666666667,0.9646128434001412,0.6256119693683325
2008-05-01,0.40000972222222225,0.33462,0.9646128434001412,1.0165874288435013
2008-05-02,1.0401166666666666,1.4980466666666665,0.9646128434001412,0.7155856115899
2008-05-03,0.8955555555555554,0.4750133333333333,0.9646128434001412,0.731434340830487
2008-05-04,1.0215069444444445,2.3122333333333334,0.9646128434001412,0.5462832730995886
2008-05-05,0.9492583333333333,0.9701133333333333,0.9297748615333721,1.412780784342798
2008-05-06,1.2430416666666666,1.6303066666666666,0.9297748615333721,1.8089573786956248
2008-05-07,0.81685,0.8131200000000001,0.9297748615333721,1.1226301713963989
2008-05-08,1.4699291666666665,1.66598,0.9297748615333721,0.7732006607936897
2008-05-09,1.2133833333333333,1.4329133333333335,0.9297748615333721,1.7920435152220184
2008-05-10,1.3257833333333333,1.63974,0.9297748615333721,1.5097055598936766
2008-05-11,1.1186944444444444,1.0157533333333333,0.9297748615333721,0.8025207451236651
2008-05-12,1.058475,1.1106733333333334,1.0452891604253718,1.7190834846706318
2008-05-13,1.0256208333333334,1.1617133333333334,1.0452891604253718,1.9026320133959105
2008-05-14,1.1001819444444445,1.5483933333333335,1.0452891604253718,1.694873103354426
2008-05-15,0.8074777777777778,1.2980533333333333,1.0452891604253718,1.1580858061307062
2008-05-16,1.1465583333333333,1.72716,1.0452891604253718,1.1523022893837356
2008-05-17,1.1510097222222222,1.4827,1.0452891604253718,0.7929547632801327
2008-05-18,1.2527486111111112,2.415366666666667,1.0452891604253718,0.5142082034391121
2008-05-19,0.7154597222222222,0.8837666666666667,0.9717950362296128,1.1869006126009856
2008-05-20,1.0981486111111112,0.98146,0.9717950362296128,2.094030037644886
2008-05-21,0.9195222222222222,1.0294266666666665,0.9717950362296128,0.9699357295881934
2008-05-22,0.6783805555555555,0.8065133333333333,0.9717950362296128,0.9353578419330042
2008-05-23,1.0311916666666667,0.7888933333333333,0.9717950362296128,3.313807288277401
2008-05-24,1.0973444444444445,1.7768866666666667,0.9717950362296128,0.995494221288289
2008-05-25,1.4225722222222221,2.2243133333333334,0.9717950362296128,0.8081342491822147
2008-05-26,0.8956319444444445,0.8093,0.9127249630745463,1.3405270818134634
2008-05-27,1.1865972222222223,1.70878,0.9127249630745463,1.9850250862996661
2008-05-28,0.7738694444444445,1.3450199999999999,0.9127249630745463,0.9690986517767216
2008-05-29,0.7882472222222222,0.7313266666666667,0.9127249630745463,1.4880668467015046
2008-05-30,0.9703083333333333,0.9099733333333334,0.9127249630745463,2.5178935601311236
2008-05-31,1.1399097222222223,1.7275400000000003,0.9127249630745463,1.1869004732264667
2008-06-01,1.2839416666666668,2.1554133333333336,0.9127249630745463,0.7052779540457181
2008-06-02,0.7458416666666666,0.6878,0.9751368109985252,1.9560071780079924
2008-06-03,1.1095944444444445,1.64316,0.9751368109985252,0.8073819354108931
2008-06-04,1.1034111111111111,0.9290266666666668,0.9751368109985252,1.4728377423561891
2008-06-05,0.7778319444444445,1.0947733333333334,0.9751368109985252,1.298755885020954
2008-06-06,0.8456347222222221,1.6088799999999999,0.9751368109985252,0.7286711658636442
2008-06-07,1.3072805555555556,1.30646,0.9751368109985252,2.4323587114278005
2008-06-08,1.0710569444444444,2.139413333333333,0.9751368109985252,0.9674984054088533
2008-06-09,0.9206236111111111,0.8142866666666667,1.0220571018920952,1.3854472562906661
2008-06-10,0.7410347222222222,0.9164800000000001,1.0220571018920952,1.4760077220793928
2008-06-11,0.7800041666666666,1.09162,1.0220571018920952,1.1142939967321983
2008-06-12,0.8745361111111112,1.0929733333333334,1.0220571018920952,1.4614404328178503
2008-06-13,1.3020819444444445,1.9583066666666666,1.0220571018920952,1.4546292393128604
2008-06-14,0.9617500000000001,1.16184,1.0220571018920952,1.2721709427511096
2008-06-15,1.5896541666666666,2.6264666666666665,1.0220571018920952,1.2922240091003947
2008-06-16,0.9048916666666668,1.2696266666666667,1.0487912688885417,1.0879304708981485
2008-06-17,0.7951972222222222,1.1059933333333334,1.0487912688885417,1.0937874842748896
2008-06-18,1.3150055555555555,1.7258266666666668,1.0487912688885417,1.6729264299023203
2008-06-19,1.1028347222222221,2.257073333333333,1.0487912688885417,0.8108903236400209
2008-06-20,1.1639611111111112,2.21498,1.0487912688885417,0.9175811603620756
2008-06-21,1.2043430555555554,1.4247466666666666,1.0487912688885417,1.5050686265163267
2008-06-22,1.087788888888889,1.9873599999999998,1.0487912688885417,1.1828965448043858
2008-06-23,0.8693027777777778,1.1439533333333332,0.8728214335409974,0.8909419392262188
2008-06-24,1.2183694444444444,1.07246,0.8728214335409974,1.9772403307041717
2008-06-25,0.8762291666666666,1.2019133333333334,0.8728214335409974,1.1121236570839346
2008-06-26,0.7333472222222223,0.7839999999999999,0.8728214335409974,1.6561996941403734
2008-06-27,1.2188555555555556,1.9821266666666668,0.8728214335409974,0.8375514836288865
2008-06-28,0.8394444444444444,0.50808,0.8728214335409974,2.3004417699192365
2008-06-29,0.5203833333333333,0.3594,0.8728214335409974,0.7609520183861371
2008-06-30,0.5584694444444445,0.37138666666666664,0.9004010013160297,1.812601862020243
2008-07-01,0.8439166666666666,1.7834733333333335,0.9004010013160297,0.4836609765566818
2008-07-02,0.7966680555555555,0.91026,0.9004010013160297,1.201128959223927
2008-07-03,0.7627499999999999,1.20998,0.9004010013160297,0.6746304975590123
2008-07-04,0.6541805555555555,1.0083533333333334,0.9004010013160297,1.1126545770967986
2008-07-05,1.0202,1.2165266666666668,0.9004010013160297,1.6582514855641524
2008-07-06,1.2535166666666666,1.5769533333333334,0.9004010013160297,1.0822007562561857
2008-07-07,0.6829097222222222,1.0375133333333333,0.8150127191561908,1.06078475749803
2008-07-08,0.7820930555555555,0.9527933333333334,0.8150127191561908,0.9406909339049759
2008-07-09,0.6384152777777777,0.8326533333333334,0.8150127191561908,1.0721227967362394
2008-07-10,0.8689416666666667,1.3131333333333333,0.8150127191561908,1.0942979372953865
2008-07-11,0.8709833333333332,0.74628,0.8150127191561908,1.3934323618765552
2008-07-12,0.9228138888888889,0.47657999999999995,0.8150127191561908,2.1614794231144394
2008-07-13,0.8712736111111111,0.64508,0.8150127191561908,1.7888192406864052
2008-07-14,0.7902263888888889,1.52996,0.8100978638154943,0.8226529814647522
2008-07-15,0.8026805555555555,0.5161866666666667,0.8100978638154943,1.8223510394639812
2008-07-16,0.7479597222222222,1.5611533333333334,0.8100978638154943,0.643571517950064
2008-07-17,0.9160569444444445,1.2690466666666667,0.8100978638154943,0.986037296107486
2008-07-18,0.8761,1.25576,0.8100978638154943,1.0575253279752626
2008-07-19,0.9333430555555555,0.6410733333333334,0.8100978638154943,2.3339799467164117
2008-07-20,0.6538430555555556,0.54576,0.8100978638154943,1.1462008032860875
2008-07-21,0.8031097222222223,1.0946333333333333,0.651175439631931,1.3510428948973368
2008-07-22,0.5140569444444444,0.64274,0.651175439631931,1.4379577910101704
2008-07-23,0.6546041666666667,0.7938666666666666,0.651175439631931,1.108782511040219
2008-07-24,0.7593402777777778,1.15076,0.651175439631931,0.985902805272736
2008-07-25,0.6010652777777777,0.8063733333333334,0.651175439631931,0.9243240118634194
2008-07-26,0.5664472222222222,0.5932066666666667,0.651175439631931,2.4260920698924733
2008-07-27,0.7968027777777777,1.40618,0.651175439631931,0.958929601895767
2008-07-28,0.573475,0.6572666666666667,0.6669952566541357,1.3828463593815825
2008-07-29,0.8101097222222222,1.0971,0.6669952566541357,0.8970828820565859
2008-07-30,0.9027138888888888,1.5295933333333334,0.6669952566541357,0.6460865953480833
2008-07-31,0.9671097222222221,1.2942866666666666,0.6669952566541357,0.7611921045709314
2008-08-01,0.5135944444444445,0.40365333333333336,0.6669952566541357,1.6310441984233146
2008-08-02,0.35123333333333334,0.44538,0.6669952566541357,1.0097751710654936
2008-08-03,0.35054305555555554,0.4616733333333334,0.6669952566541357,1.0111637913861111
2008-08-04,0.7822923611111111,1.9414233333333335,0.5255130878976915,0.3659922199748749
2008-08-05,0.5743875,0.23200666666666667,0.5255130878976915,2.4230199392469602
2008-08-06,0.22646666666666668,0.24094,0.5255130878976915,0.9453113815318541
2008-08-07,0.23255833333333334,0.22538000000000002,0.5255130878976915,0.9985915492957748
2008-08-08,0.2098611111111111,0.21212666666666666,0.5255130878976915,0.9788624487604279
2008-08-09,0.24925277777777777,0.20987333333333336,0.5255130878976915,1.3874787143465304
2008-08-10,0.24446666666666667,0.3166133333333333,0.5255130878976915,0.698717391933756
2008-08-11,0.258275,0.20167333333333334,0.16258819093944835,0.7485308083609933
2008-08-12,0.20068333333333332,0.2148266666666667,0.16258819093944835,0.9958561246477706
2008-08-13,0.19623888888888888,0.19522,0.16258819093944835,0.9973141459690986
2008-08-14,0.18767916666666665,0.18821333333333332,0.16258819093944835,1.0375916040893876
2008-08-15,0.1900375,0.18916666666666668,0.16258819093944835,0.9528859328613839
2008-08-16,0.19084305555555556,0.18877333333333332,0.16258819093944835,0.9715474567759522
2008-08-17,0.19083055555555556,0.18925333333333336,0.16258819093944835,0.9684809237954698
2008-08-18,0.19010972222222222,0.1986733333333333,0.14364854006425248,0.9806534699311222
2008-08-19,0.19075833333333334,0.18834,0.14364854006425248,0.9540462098793535
2008-08-20,0.18643888888888888,0.18738,0.14364854006425248,0.9821623696878414
2008-08-21,0.18145694444444443,0.18660666666666667,0.14364854006425248,1.0332259520363538
2008-08-22,0.1855027777777778,0.18990666666666667,0.14364854006425248,0.97299652854716
2008-08-23,0.1768347222222222,0.17216,0.14364854006425248,0.9711269022959145
2008-08-24,0.1768861111111111,0.17404,0.14364854006425248,0.9602585808834846
2008-08-25,0.17381805555555555,0.17481333333333335,0.5763095857896641,1.004597075170989
2008-08-26,0.1788638888888889,0.18292,0.5763095857896641,1.026212278548727
2008-08-27,0.17924583333333333,0.18541333333333335,0.5763095857896641,1.0090757663029097
2008-08-28,0.18628194444444443,0.18922666666666668,0.5763095857896641,0.9822500073896722
2008-08-29,0.18582500000000002,0.19444666666666668,0.5763095857896641,0.9464626038378168
2008-08-30,0.18779444444444443,0.19400666666666666,0.5763095857896641,0.9556545509770172
2008-08-31,1.0433541666666668,2.58148,0.5763095857896641,0.7293202792824108
2008-09-01,0.8663263888888889,0.44808000000000003,0.9388575374827086,1.8903371994420939
2008-09-02,0.9612180555555555,1.7430933333333334,0.9388575374827086,0.9909926237902902
2008-09-03,0.964226388888889,1.2204933333333334,0.9388575374827086,1.5336041224171029
2008-09-04,0.8508472222222222,1.2667466666666667,0.9388575374827086,1.0843951916108374
2008-09-05,0.6069166666666667,0.7806733333333333,0.9388575374827086,1.5003146993191048
2008-09-06,1.2976208333333334,1.5408066666666667,0.9388575374827086,1.5148638245411916
2008-09-07,0.9532333333333333,1.4672066666666665,0.9388575374827086,1.1829423832318189
2008-09-08,0.9092527777777778,1.28774,0.9477418356016625,1.0609992979539924
2008-09-09,0.8053152777777778,0.7971199999999999,0.9477418356016625,1.6285518704553283
2008-09-10,0.9033083333333333,0.8126066666666667,0.9477418356016625,1.8762819577302214
2008-09-11,0.7143847222222222,0.8916133333333333,0.9477418356016625,1.5914280244251426
2008-09-12,0.9671958333333333,1.5237866666666668,0.9477418356016625,0.9321214239934744
2008-09-13,1.1329416666666665,1.2153066666666665,0.9477418356016625,2.657928251121076
2008-09-14,1.0946708333333333,1.5706266666666666,0.9477418356016625,1.2042879636647377
2008-09-15,1.178963888888889,2.1027799999999996,0.9336187836927033,0.925122750518784
2008-09-16,0.8485152777777778,1.0219200000000002,0.9336187836927033,1.4839844194707825
2008-09-17,1.0550069444444445,1.3967466666666666,0.9336187836927033,1.536413116067851
2008-09-18,1.0453402777777778,1.7538066666666667,0.9336187836927033,0.9473199431828473
2008-09-19,1.0547541666666667,1.9142266666666667,0.9336187836927033,0.9961230020318098
2008-09-20,0.9059722222222222,0.4717266666666667,0.9336187836927033,1.9289604727287424
2008-09-21,1.0646319444444443,1.6765866666666667,0.9336187836927033,1.4489701376664121
2008-09-22,0.9434472222222223,1.5431333333333332,1.032985106965759,1.07023061755034
2008-09-23,0.8561027777777778,1.0191133333333333,1.032985106965759,1.2155868990108118
2008-09-24,1.193298611111111,1.1861,1.032985106965759,1.683814801394425
2008-09-25,0.7855694444444444,1.10798,1.032985106965759,0.998155907102937
2008-09-26,0.9940625000000001,1.5334533333333333,1.032985106965759,1.0927509195852656
2008-09-27,1.4773930555555554,2.97398,1.032985106965759,0.730013466392568
2008-09-28,1.2021555555555556,1.6636333333333335,1.032985106965759,0.7585800547758174
2008-09-29,1.0428736111111112,1.0229533333333334,0.9994304804138494,1.2933039722922992
2008-09-30,0.9548652777777779,1.7559999999999998,0.9994304804138494,0.7801873137284857
2008-10-01,1.3002527777777777,1.82014,0.9994304804138494,1.7860237837323079
2008-10-02,0.9342652777777778,0.90112,0.9994304804138494,1.2941768301001335
2008-10-03,1.1198472222222222,1.8500066666666666,0.9994304804138494,0.9429096052685481
2008-10-04,1.4586777777777777,1.0446866666666668,0.9994304804138494,1.3022464619539484
2008-10-05,1.0763541666666667,0.38254666666666665,0.9994304804138494,2.2612400686776186
2008-10-06,0.9887374999999999,1.28938,1.0391383931714009,0.22842761348302199
2008-10-07,1.1990055555555554,1.5197533333333333,1.0391383931714009,1.1403116438780696
2008-10-08,1.2920666666666667,1.6588066666666668,1.0391383931714009,1.5443217652673582
2008-10-09,1.3775569444444444,1.4782,1.0391383931714009,2.1174087414587537
2008-10-10,1.0544013888888888,0.9446133333333334,1.0391383931714009,1.7833673080307384
2008-10-11,1.1592958333333334,1.5350133333333333,1.0391383931714009,1.2323485991206393
2008-10-12,1.3249583333333335,3.0222466666666667,1.0391383931714009,0.5661240330439579
2008-10-13,1.015261111111111,1.3137,1.1850319505620737,1.3873283365175788
2008-10-14,1.1174,1.4818466666666665,1.1850319505620737,1.201285429338324
2008-10-15,1.4978444444444445,1.9235266666666666,1.1850319505620737,1.5616585430740435
2008-10-16,1.0997777777777777,1.3410866666666668,1.1850319505620737,1.51226244487452
2008-10-17,1.296448611111111,2.46366,1.1850319505620737,0.8719439926681894
2008-10-18,1.5549930555555556,2.504966666666667,1.1850319505620737,0.6903170188931063
2008-10-19,1.3693986111111112,1.3632466666666667,1.1850319505620737,0.5343927118575489
2008-10-20,1.158023611111111,1.9001733333333335,1.1220008354808546,1.1685779011186508
2008-10-21,1.433136111111111,2.2719733333333334,1.1220008354808546,1.12185045887218
2008-10-22,1.1430625,1.78008,1.1220008354808546,1.3182259904511078
2008-10-23,1.2711763888888887,1.5508533333333332,1.1220008354808546,1.7017165291573806
2008-10-24,1.4814069444444444,3.2467666666666664,1.1220008354808546,0.6613185094731071
2008-10-25,1.1096756944444444,0.87116,1.1220008354808546,3.1886189559993086
2008-10-26,0.36353611111111106,0.45597333333333334,1.1220008354808546,1.2178857104121474
2008-10-27,0.36381388888888894,0.28761333333333333,0.6424961066185001,0.995155798950423
2008-10-28,0.9217291666666666,2.134173333333333,0.6424961066185001,0.24151845595209367
2008-10-29,1.1198444444444444,0.8597866666666666,0.6424961066185001,0.7568637021284014
2008-10-30,0.7629166666666666,0.58924,0.6424961066185001,0.9977087993017293
2008-10-31,0.892938888888889,1.2647866666666665,0.6424961066185001,1.7775708848345555
2008-11-01,0.5767347222222222,0.616,0.6424961066185001,1.325426025793951
2008-11-02,0.6323708333333333,0.5490733333333334,0.6424961066185001,0.9241223677371095
2008-11-03,0.5886111111111111,0.8154466666666667,1.2506290920055174,1.0874173751145173
2008-11-04,1.0849416666666667,3.5314666666666668,1.2506290920055174,0.3863248348637204
2008-11-05,2.177034722222222,3.105926666666667,1.2506290920055174,1.8053466537328497
2008-11-06,1.1030819444444444,1.6691666666666667,1.2506290920055174,1.1948118343456897
2008-11-07,1.1244333333333334,1.3952466666666667,1.2506290920055174,1.4437783553233299
2008-11-08,1.2035680555555555,1.8397266666666667,1.2506290920055174,0.8941481711395461
2008-11-09,1.7906513888888889,3.52958,1.2506290920055174,1.2325081645304399
2008-11-10,1.4683569444444446,1.7603466666666667,1.1625097897081018,2.1703226348160123
2008-11-11,1.7055208333333332,2.4284133333333333,1.1625097897081018,1.2911648422179973
2008-11-12,1.5209125000000001,1.5917466666666666,1.1625097897081018,1.1736637130198657
2008-11-13,0.8600416666666667,1.2112866666666668,1.1625097897081018,0.9792432446254259
2008-11-14,1.1262069444444445,1.44946,1.1625097897081018,1.606231538889264
2008-11-15,2.105297222222222,3.895266666666666,1.1625097897081018,1.0697973234072824
2008-11-16,1.642661111111111,2.6595600000000004,1.1625097897081018,0.7035487838955098
2008-11-17,1.0580805555555555,1.4104599999999998,1.2269031915737492,1.3972296257603267
2008-11-18,1.2146180555555555,1.5293133333333333,1.2269031915737492,1.3416455580963196
2008-11-19,1.2779430555555555,2.32552,1.2269031915737492,1.2082785335086927
2008-11-20,1.1752333333333334,2.059153333333333,1.2269031915737492,1.0751007916188458
2008-11-21,1.162451388888889,1.6944466666666667,1.2269031915737492,1.5882020057085073
2008-11-22,1.18845,1.9040599999999999,1.2269031915737492,0.9412817644963621
2008-11-23,2.366253472222222,4.919126666666667,1.2269031915737492,0.815164490716966
2008-11-24,2.231248611111111,2.5542733333333336,1.2397719027524285,1.1278386099966753
2008-11-25,1.8769791666666666,2.74048,1.2397719027524285,0.9884453364212471
2008-11-26,1.0527458333333333,1.3952666666666667,1.2397719027524285,1.200926275443538
2008-11-27,1.6404291666666666,2.4885533333333334,1.2397719027524285,1.1615207942535573
2008-11-28,1.3096972222222223,2.25786,1.2397719027524285,1.3847966940978318
2008-11-29,1.6907416666666668,2.4800133333333334,1.2397719027524285,1.0924121453801663
2008-11-30,1.6676305555555555,3.5079599999999997,1.2397719027524285,0.5634240029167046
2008-12-01,1.1225958333333332,1.83814,1.071292488080809,1.3681444087322632
2008-12-02,1.2454472222222222,1.8650133333333334,1.071292488080809,1.4844830977837746
2008-12-03,1.218863888888889,1.7769933333333332,1.071292488080809,1.5815335376795134
2008-12-04,1.2073874999999998,1.7258466666666668,1.071292488080809,1.2109556012787808
2008-12-05,1.4295958333333334,2.2645866666666667,1.071292488080809,1.0202573533741321
2008-12-06,1.7526638888888888,2.004226666666667,1.071292488080809,2.243688277237699
2008-12-07,1.7130138888888888,2.883026666666667,1.071292488080809,1.1060926880912536
2008-12-08,1.297663888888889,1.4822666666666666,1.0881341477681163,1.5563785107459949
2008-12-09,1.3910722222222223,2.46618,1.0881341477681163,1.2486316101424741
2008-12-10,1.5589791666666666,2.1958933333333333,1.0881341477681163,2.5544440644474844
2008-12-11,0.9948069444444444,1.6008133333333334,1.0881341477681163,1.3267616523083718
2008-12-12,1.2607875,2.3140066666666668,1.0881341477681163,1.2360335195530727
2008-12-13,1.2677597222222223,1.6401333333333334,1.0881341477681163,2.525363046500849
2008-12-14,1.390361111111111,1.7936466666666668,1.0881341477681163,1.8742387743441475
2008-12-15,1.2468402777777778,2.0782000000000003,1.136031700881541,1.0560549670770114
2008-12-16,1.2479791666666666,1.53056,1.136031700881541,1.64597793214739
2008-12-17,1.4574902777777778,2.7641933333333335,1.136031700881541,0.945900490279704
2008-12-18,1.2062083333333333,1.4510133333333333,1.136031700881541,1.3544513816782926
2008-12-19,1.3070222222222223,2.3708466666666665,1.136031700881541,1.0827702515774773
2008-12-20,1.5584458333333333,2.0285333333333333,1.136031700881541,2.238684184701353
2008-12-21,1.8358402777777778,3.27936,1.136031700881541,1.4480409079460095
2008-12-22,1.3998666666666666,1.6224266666666667,0.9204887362565043,1.4954357401231495
2008-12-23,1.2486722222222222,1.49786,0.9204887362565043,1.2687662452368336
2008-12-24,0.8816930555555555,0.9853,0.9204887362565043,2.5503425519420597
2008-12-25,0.7368874999999999,0.94844,0.9204887362565043,0.9874547674880318
2008-12-26,0.8498138888888889,0.8668866666666666,0.9204887362565043,1.9432199721006305
2008-12-27,2.064002777777778,2.182393333333333,0.9204887362565043,0.6412199577237999
2008-12-28,1.0907236111111112,0.3257666666666667,0.9204887362565043,0.8993283721065221
2008-12-29,0.38560972222222223,0.5130666666666667,1.0637895843890364,0.8175920288574215
2008-12-30,0.8300263888888889,1.5153533333333333,1.0637895843890364,1.242960944595822
2008-12-31,1.3640194444444445,2.53128,1.0637895843890364,1.1736543777679902
2009-01-01,0.9768694444444445,1.7010933333333333,1.234787902673281,0.46551788802533706
2009-01-02,1.616326388888889,2.5429333333333335,1.234787902673281,1.2814207382459553
2009-01-03,1.3288166666666668,1.8761333333333334,1.234787902673281,1.416921390209522
2009-01-04,1.3472180555555555,2.95286,1.234787902673281,0.9220802124202432
2009-01-05,1.113888888888889,2.1836466666666667,1.170248192066448,0.9069312910305274
2009-01-06,1.1735152777777778,1.4778666666666667,1.170248192066448,1.6538111211618673
2009-01-07,1.4446333333333332,2.2987933333333332,1.170248192066448,1.5052108798643509
2009-01-08,1.1342152777777779,1.9652066666666668,1.170248192066448,1.0369483501325731
2009-01-09,1.2421541666666667,2.3437666666666668,1.170248192066448,1.0626984914076427
2009-01-10,1.4603805555555556,3.1576066666666667,1.170248192066448,1.105280650961265
2009-01-11,1.3722138888888888,2.772466666666667,1.170248192066448,0.8193526527169839
2009-01-12,1.1036652777777778,1.5816133333333333,1.3411371200934483,1.541828068772491
2009-01-13,1.5156944444444445,1.96378,1.3411371200934483,1.2866038913962679
2009-01-14,1.2372076388888888,2.0083900000000003,1.3411371200934483,1.2339016374531515
2009-01-15,1.0861583333333333,2.0596,1.3411371200934483,0.8627086226321168
2009-01-16,1.9212180555555556,4.44436,1.3411371200934483,0.7589254265779795
2009-01-17,2.304041666666667,3.1990866666666666,1.3411371200934483,1.0508525284093717
2009-01-18,2.1904125,3.754966666666667,1.3411371200934483,1.2371693391890513
2009-01-19,1.1804625,1.8672533333333334,1.132367922932825,1.1401398502791216
2009-01-20,1.206963888888889,1.2730333333333335,1.132367922932825,1.9882843260306664
2009-01-21,1.2079402777777777,1.7809133333333333,1.132367922932825,1.6135993460870401
2009-01-22,0.859275,0.8076666666666668,1.132367922932825,1.645143912575035
2009-01-23,1.326761111111111,1.6666400000000001,1.132367922932825,1.875875315354371
2009-01-24,1.5283125,2.06196,1.132367922932825,1.5493887083060143
2009-01-25,1.9747666666666668,1.9511866666666666,1.132367922932825,1.4217430775441102
2009-01-26,1.1628277777777778,1.6583999999999999,1.2207992448187803,1.5736400747590005
2009-01-27,0.9896041666666666,1.48168,1.2207992448187803,1.2044136847120555
2009-01-28,1.8900930555555555,2.8138466666666666,1.2207992448187803,1.6608120473635637
2009-01-29,1.0928458333333333,1.23014,1.2207992448187803,1.7904326887272546
2009-01-30,1.4298875,2.227526666666667,1.2207992448187803,2.0604740897524314
2009-01-31,2.3005916666666666,4.142246666666667,1.2207992448187803,1.2274208904164852
2009-02-01,1.2827569444444444,1.7617608547008548,1.2207992448187803,0.7809060477744096
2009-02-02,1.1134027777777777,1.63254,1.1839825631136636,0.8547095950248018
2009-02-03,1.2974930555555557,1.7375333333333334,1.1839825631136636,1.771023047489099
2009-02-04,1.708975,2.183926666666667,1.1839825631136636,2.1403275943913878
2009-02-05,1.1452,1.5969266666666666,1.1839825631136636,1.3438262164789623
2009-02-06,1.4224972222222223,2.1830933333333333,1.1839825631136636,1.2590476778656128
2009-02-07,2.1746777777777777,3.1464533333333335,1.1839825631136636,1.3412162970405992
2009-02-08,1.5158791666666667,2.7730533333333334,1.1839825631136636,0.6502483462483462
2009-02-09,1.1851652777777777,1.5422,1.0826559976369388,1.805991989635193
2009-02-10,1.349876388888889,1.6054,1.0826559976369388,1.6208930189411916
2009-02-11,1.8329097222222221,3.229086666666667,1.0826559976369388,1.2623937543501142
2009-02-12,1.3671250000000001,2.35438,1.0826559976369388,1.312072063607643
2009-02-13,1.173626388888889,1.8887666666666667,1.0826559976369388,1.6835117024992854
2009-02-14,1.621747222222222,2.08686,1.0826559976369388,1.6678166618305945
2009-02-15,1.1014111111111111,0.728,1.0826559976369388,1.1720217471686225
2009-02-16,0.9159680555555555,2.0132133333333333,1.0243990276340589,0.6032035044559293
2009-02-17,0.5519291666666667,0.48266000000000003,1.0243990276340589,2.0123712277988766
2009-02-18,0.5739236111111111,0.44110666666666665,1.0243990276340589,1.2994758046565464
2009-02-19,0.5119916666666667,0.4402,1.0243990276340589,1.790842399327716
2009-02-20,1.3060666666666667,2.8418466666666666,1.0243990276340589,0.7262345548700233
2009-02-21,0.9140166666666667,0.5231333333333333,1.0243990276340589,0.8089489222040802
2009-02-22,1.5544986111111112,4.367733333333333,1.0243990276340589,0.5725744811190855
2009-02-23,1.8983722222222221,1.64378,1.1124595575223442,1.0314701996204076
2009-02-24,1.2382944444444444,1.5989533333333332,1.1124595575223442,1.8086757918944034
2009-02-25,0.8123916666666667,0.99296,1.1124595575223442,1.427374475554947
2009-02-26,0.8033694444444445,1.2404133333333334,1.1124595575223442,1.2422567315072528
2009-02-27,1.4089708333333333,2.1574866666666668,1.1124595575223442,1.3523250583177588
2009-02-28,1.1324652777777777,2.0800666666666667,1.1124595575223442,1.3276942445324342
2009-03-01,1.7170284722222224,2.1362866666666664,1.1124595575223442,2.2890115357192267
2009-03-02,1.0260013888888888,1.4124733333333335,1.0089852408712352,1.4843901864837137
2009-03-03,1.2839944444444444,1.4452066666666668,1.0089852408712352,1.8515959481301432
2009-03-04,1.2792569444444446,1.9198866666666667,1.0089852408712352,1.1416928643178688
2009-03-05,1.0012583333333334,1.35892,1.0089852408712352,1.3523810766891382
2009-03-06,1.238523611111111,1.9953733333333332,1.0089852408712352,1.2929842786540429
2009-03-07,1.1781013888888887,2.0410066666666666,1.0089852408712352,1.5714471937089605
2009-03-08,1.6369208333333334,2.4761599999999997,1.0089852408712352,1.5689614584831877
2009-03-09,1.170525,1.5990066666666667,0.9831937362851939,1.4192453870089907
2009-03-10,1.2751458333333334,1.3184,0.9831937362851939,1.4470532106570573
2009-03-11,1.6707666666666667,1.9400933333333334,0.9831937362851939,1.6510111928704128
2009-03-12,1.3105972222222222,1.4445266666666667,0.9831937362851939,2.400370439771106
2009-03-13,1.0038333333333334,1.5088533333333334,0.9831937362851939,1.2956203568127607
2009-03-14,1.4923805555555554,2.2339466666666667,0.9831937362851939,0.9680356348091423
2009-03-15,1.3486541666666665,1.4681533333333334,0.9831937362851939,1.0764098715061936
2009-03-16,0.9292534722222222,1.2373433333333335,0.9576020709652876,1.2901922862986388
2009-03-17,1.3416041666666667,1.94836,0.9576020709652876,1.1955668394865864
2009-03-18,1.0074166666666666,1.0633466666666667,0.9576020709652876,1.5026826533252826
2009-03-19,0.8274527777777777,0.6138133333333333,0.9576020709652876,2.117659371827478
2009-03-20,1.016601388888889,1.736033333333333,0.9576020709652876,1.1597968716343217
2009-03-21,1.3402930555555554,2.9649933333333336,0.9576020709652876,1.0181759243767776
2009-03-22,1.1730347222222224,1.7984999999999998,0.9576020709652876,1.7164935190247979
2009-03-23,0.9003125000000001,1.42336,0.9997060979490543,1.039841778326022
2009-03-24,1.1539666666666666,1.7663933333333333,0.9997060979490543,1.0757388762585256
2009-03-25,1.2769263888888889,1.6131866666666668,0.9997060979490543,1.2738024281605287
2009-03-26,0.8409749999999999,1.1830333333333334,0.9997060979490543,1.2909648127128261
2009-03-27,1.1902263888888889,2.106,0.9997060979490543,1.281584132055378
2009-03-28,1.5701222222222222,2.634173333333333,0.9997060979490543,0.9894516587152282
2009-03-29,1.5393402777777778,2.0451799999999998,0.9997060979490543,1.1486953605279433
2009-03-30,1.0260083333333334,1.4446866666666667,0.960705712771289,1.2012622470142318
2009-03-31,1.2663069444444444,1.5369733333333333,0.960705712771289,2.004158250766904
2009-04-01,1.1396805555555556,1.5262133333333332,0.960705712771289,0.9629076782493456
2009-04-02,1.1418986111111111,1.39656,0.960705712771289,1.558526065524796
2009-04-03,0.9467083333333334,1.1142466666666666,0.960705712771289,1.5693091139364561
2009-04-04,1.5216888888888889,2.180946666666667,0.960705712771289,1.5244666462365117
2009-04-05,0.9553583333333333,1.1822066666666666,0.960705712771289,1.49340452602847
2009-04-06,1.0087736111111112,1.33268,1.1152652447703886,1.288874182620342
2009-04-07,1.0000638888888889,1.19262,1.1152652447703886,1.2312547837215573
2009-04-08,1.0656944444444443,1.2429133333333333,1.1152652447703886,1.449043427192585
2009-04-09,1.3128277777777777,2.3320000000000003,1.1152652447703886,0.9081336853919881
2009-04-10,1.2792458333333334,1.8151533333333334,1.1152652447703886,1.254928218888323
2009-04-11,1.7100319444444443,2.96088,1.1152652447703886,1.0397285714049047
2009-04-12,1.486813888888889,3.069306666666667,1.1152652447703886,0.5419603889088944
2009-04-13,1.1110027777777778,1.7136000000000002,0.9467776627890819,0.8234084650874409
2009-04-14,1.0427347222222223,1.5341466666666668,0.9467776627890819,1.030362034881048
2009-04-15,0.8444875,1.5744866666666666,0.9467776627890819,0.6782945201509285
2009-04-16,1.0864749999999999,1.6411866666666666,0.9467776627890819,0.7275837166828251
2009-04-17,1.4186180555555554,1.8251933333333332,0.9467776627890819,0.6206989567218058
2009-04-18,1.0501847222222223,0.8297933333333333,0.9467776627890819,2.0510640530049313
2009-04-19,0.8933805555555556,1.2833466666666666,0.9467776627890819,0.8347133839716364
2009-04-20,1.0322986111111112,1.2856133333333335,0.8975300165909414,1.802493853973425
2009-04-21,1.3156930555555555,1.58552,0.8975300165909414,0.680773373029884
2009-04-22,1.0390263888888889,0.50384,0.8975300165909414,3.3656316197968037
2009-04-23,0.7926805555555556,1.31558,0.8975300165909414,0.6680403090987737
2009-04-24,0.8292,0.8254,0.8975300165909414,1.7322502402636035
2009-04-25,1.404363888888889,1.33496,0.8975300165909414,1.6968389271769049
2009-04-26,1.2372402777777778,1.2545933333333332,0.8975300165909414,2.588876578772435
2009-04-27,0.9386305555555555,1.62916,0.901925005240188,0.9585632477047205
2009-04-28,1.1849902777777777,1.1516199999999999,0.901925005240188,1.5545694892316166
2009-04-29,1.1560277777777779,1.3388,0.901925005240188,1.3104446621938595
2009-04-30,1.2741402777777777,1.4172266666666666,0.901925005240188,1.1000341085200336
2009-05-01,1.0505569444444445,1.0806266666666666,0.901925005240188,0.9212477425876866
2009-05-02,0.9679930555555556,0.7579,0.901925005240188,1.9446521748315269
2009-05-03,1.1172763888888888,2.0006,0.901925005240188,0.9156228568162768
2009-05-04,1.158251388888889,1.3369266666666666,0.9001686380808441,0.9741472571851971
2009-05-05,1.2024124999999999,1.4193133333333332,0.9001686380808441,1.5637489487212897
2009-05-06,0.9374319444444444,1.2226733333333335,0.9001686380808441,1.3345577680699243
2009-05-07,0.7032277777777778,0.7691199999999999,0.9001686380808441,1.1796688679001608
2009-05-08,1.2896916666666667,1.97318,0.9001686380808441,1.4200057856344261
2009-05-09,0.8759388888888889,0.8484933333333333,0.9001686380808441,2.060999048709934
2009-05-10,1.3665916666666666,2.5287866666666665,0.9001686380808441,1.0605033851489025
2009-05-11,1.0535944444444445,1.6674933333333333,0.970824366536586,0.7594118192782262
2009-05-12,1.1291361111111111,1.0870733333333333,0.970824366536586,1.1705517836117572
2009-05-13,0.8655541666666666,0.9945933333333333,0.970824366536586,1.0986664421619803
2009-05-14,1.115961111111111,2.1339533333333334,0.970824366536586,0.645710868149289
2009-05-15,0.9876569444444445,1.41638,0.970824366536586,1.554588007917605
2009-05-16,1.3940124999999999,1.7112466666666668,0.970824366536586,1.539191305381768
2009-05-17,1.0720583333333333,1.2684533333333334,0.970824366536586,1.3271467592843837
2009-05-18,0.8402124999999999,1.2043866666666665,0.7946522490676253,1.0742004279013635
2009-05-19,1.1231555555555557,1.8127799999999998,0.7946522490676253,0.7522838767833308
2009-05-20,0.907751388888889,1.0194266666666665,0.7946522490676253,1.4543587163060376
2009-05-21,1.0938541666666668,1.34922,0.7946522490676253,1.8988214422425722
2009-05-22,0.7463930555555556,0.70212,0.7946522490676253,1.8699912950135915
2009-05-23,1.0629152777777777,1.3463733333333332,0.7946522490676253,1.634392760143613
2009-05-24,0.8942958333333334,1.7758600000000002,0.7946522490676253,0.8825354130425248
2009-05-25,0.9403444444444444,1.5177866666666666,0.7711608594919815,1.3554903038610602
2009-05-26,0.9298423611111111,0.6982,0.7711608594919815,1.4036811710238382
2009-05-27,1.072425,1.1655533333333332,0.7711608594919815,1.473685222205136
2009-05-28,0.8192611111111112,1.27074,0.7711608594919815,1.0372731731240803
2009-05-29,0.8630875,0.9898199999999999,0.7711608594919815,1.5346099724686448
2009-05-30,1.1521569444444444,1.4847733333333333,0.7711608594919815,1.1488393900224583
2009-05-31,0.6645069444444445,0.7816733333333333,0.7711608594919815,0.5763159715472734
2009-06-01,1.0022638888888888,1.1620866666666665,0.8208672081444556,1.8333883025505717
2009-06-02,0.7573875,1.0097133333333332,0.8208672081444556,1.0483465051986298
2009-06-03,0.9420680555555555,0.8290666666666666,0.8208672081444556,2.087369935092718
2009-06-04,0.7192083333333333,0.8860666666666667,0.8208672081444556,1.0596213507278658
2009-06-05,0.8544166666666666,0.7432,0.8208672081444556,1.9430788514347492
2009-06-06,1.0246180555555555,1.5875133333333333,0.8208672081444556,0.939528818523358
2009-06-07,0.8384666666666667,0.51896,0.8208672081444556,2.2896454766393846
2009-06-08,0.8185944444444445,1.5214533333333333,0.704814305938836,0.7938465003454458
2009-06-09,0.9255902777777777,1.18322,0.704814305938836,1.2168868279149605
2009-06-10,1.1131916666666668,1.6581666666666666,0.704814305938836,1.2646112289961378
2009-06-11,0.9032291666666667,0.90212,0.704814305938836,1.8679126297081925
2009-06-12,0.7650916666666666,1.0673466666666667,0.704814305938836,1.1258697539797393
2009-06-13,0.7235045535894334,0.9685514216575922,0.704814305938836,0.9918598234105692
2009-06-14,1.5141594071385358,1.7621630369026013,0.704814305938836,1.0
2009-06-15,1.179475622605364,1.20054,0.7738597000604434,0.5385858289262834
2009-06-16,1.047772222222222,1.28688,0.7738597000604434,1.4994980435294
2009-06-17,0.6861222222222222,1.0015666666666667,0.7738597000604434,0.9134395649513126
2009-06-18,0.8095138888888889,1.1703066666666666,0.7738597000604434,0.8885011551010752
2009-06-19,0.7547680555555556,0.8779999999999999,0.7738597000604434,1.3070029461958415
2009-06-20,0.7688194444444444,0.3195266666666667,0.7738597000604434,2.2002474403223666
2009-06-21,0.5938486111111112,1.2732666666666668,0.7738597000604434,0.4560416546059464
2009-06-22,0.7597902777777777,0.8802599999999999,0.794297604643723,1.4647509112453763
2009-06-23,0.7216763888888889,0.8105533333333333,0.794297604643723,0.9387886838354363
2009-06-24,1.0658847222222223,1.6133466666666667,0.794297604643723,1.3313030851671386
2009-06-25,0.5356680555555555,0.74012,0.794297604643723,1.1907220593915433
2009-06-26,0.8870291666666665,1.0543333333333333,0.794297604643723,1.2922624687742272
2009-06-27,1.1868416666666666,1.6916066666666667,0.794297604643723,0.812779227391332
2009-06-28,0.7356902777777777,1.20222,0.794297604643723,0.901602208556361
2009-06-29,0.7014819444444444,0.7432333333333333,0.7186593424771602,0.8729770822517243
2009-06-30,0.8280875,0.8438933333333334,0.7186593424771602,1.9467412631651781
2009-07-01,0.8460708333333334,0.9797666666666667,0.7186593424771602,1.707775668863987
2009-07-02,0.8629013888888889,1.2574266666666667,0.7186593424771602,1.2254304616784335
2009-07-03,0.6001027777777778,0.9308866666666668,0.7186593424771602,1.2903229226300277
2009-07-04,0.8601166666666666,1.0084933333333332,0.7186593424771602,1.2858977908199989
2009-07-05,0.9796777777777779,1.3413,0.7186593424771602,0.9096619089904919
2009-07-06,0.6626805555555555,0.7261933333333334,0.7020385917513735,0.8886289597954343
2009-07-07,0.7709277777777778,1.5601866666666666,0.7020385917513735,0.7162292106621979
2009-07-08,0.8572222222222223,0.9247333333333334,0.7020385917513735,1.2028302728554348
2009-07-09,0.587675,0.7222533333333333,0.7020385917513735,0.9830436983296778
2009-07-10,0.8282819444444444,0.7176666666666667,0.7020385917513735,1.0828402986846977
2009-07-11,0.6902555555555555,0.35548,0.7020385917513735,2.8185771692444814
2009-07-12,0.3565819444444444,0.36718666666666666,0.7020385917513735,0.8869265481912658
2009-07-13,0.3449625,0.47063333333333335,0.5487557748638584,0.9628177874015125
2009-07-14,0.6329374999999999,0.9186866666666667,0.5487557748638584,1.3390511679472767
2009-07-15,0.49866249999999995,0.4422933333333333,0.5487557748638584,1.8123590048878304
2009-07-16,0.41635694444444443,0.49441999999999997,0.5487557748638584,1.197971962342728
2009-07-17,0.5082,0.4698933333333333,0.5487557748638584,1.3563686945769984
2009-07-18,0.6711180555555555,1.1206066666666668,0.5487557748638584,0.698041930518755
2009-07-19,0.8358638888888889,0.6363733333333333,0.5487557748638584,0.582164104748159
2009-07-20,0.4600597222222222,0.31653333333333333,0.47979169846181485,1.6535953471977438
2009-07-21,0.5651125,0.4870533333333334,0.47979169846181485,1.5580186217866099
2009-07-22,0.5135638888888889,0.8539133333333333,0.47979169846181485,0.594850118611171
2009-07-23,0.7152777777777778,0.6510933333333333,0.47979169846181485,0.8563642655285771
2009-07-24,0.39009583333333336,0.4282533333333333,0.47979169846181485,0.8494162732354859
2009-07-25,0.3727,0.48338000000000003,0.47979169846181485,1.11816524189538
2009-07-26,0.3770944444444444,0.47919999999999996,0.47979169846181485,1.3994556091698043
2009-07-27,0.4781708333333334,0.47594666666666663,0.5792768633903813,1.0040688739871473
2009-07-28,0.6269791666666666,0.8365199999999999,0.5792768633903813,0.7005386875612145
2009-07-29,0.6263888888888889,0.42298,0.5792768633903813,1.6829587502528287
2009-07-30,0.5502263888888889,1.07604,0.5792768633903813,0.6048539009045869
2009-07-31,0.6776597222222223,1.5401066666666665,0.5792768633903813,0.6245746402338729
2009-08-01,0.4909486111111111,0.772,0.5792768633903813,0.8416807773464975
2009-08-02,0.3400861111111111,0.4400666666666667,0.5792768633903813,1.2698679026651216
2009-08-03,0.3474291666666667,0.40145333333333333,0.465071290330454,0.9928538992853899
2009-08-04,0.3533972222222222,0.34087999999999996,0.465071290330454,1.0124171530710706
2009-08-05,0.360175,0.27930666666666665,0.465071290330454,0.9883151236342727
2009-08-06,0.36991111111111113,0.32715333333333335,0.465071290330454,1.001322512774271
2009-08-07,0.37451111111111113,0.45226,0.465071290330454,1.0049967283326393
2009-08-08,0.3656055555555555,0.47920666666666667,0.465071290330454,0.9157393728121566
2009-08-09,0.6932180555555556,1.9224333333333334,0.465071290330454,0.5536764316776083
2009-08-10,0.7426097222222222,1.1387733333333334,0.7918737992433211,0.47062755107654053
2009-08-11,0.6603847222222222,0.80946,0.7918737992433211,1.0501679451192434
2009-08-12,0.5725250000000001,0.8758400000000001,0.7918737992433211,0.6199398738529858
2009-08-13,0.5717743055555555,1.3189517040358745,0.7918737992433211,0.2683055724803193
2009-08-14,0.5199138888888889,0.6044666666666667,0.7918737992433211,0.8732729156136937
2009-08-15,1.0514319444444444,1.8995733333333331,0.7918737992433211,0.9438264852845265
2009-08-16,0.8456333333333333,1.07144,0.7918737992433211,0.5929006281541791
2009-08-17,0.5457694444444444,0.5341666666666667,0.7875226911143799,1.0448993822952388
2009-08-18,0.7504152777777777,1.1633866666666668,0.7875226911143799,0.9339561521252796
2009-08-19,0.6116263888888889,0.5026333333333333,0.7875226911143799,2.04801423054029
2009-08-20,0.5386958333333334,0.46465999999999996,0.7875226911143799,1.1085704966158363
2009-08-21,0.8067680555555556,1.4738333333333333,0.7875226911143799,0.6159780334728032
2009-08-22,1.0755125,1.9348,0.7875226911143799,1.0475876949437581
2009-08-23,0.7407694444444445,1.4567333333333332,0.7875226911143799,0.9155559865389518
2009-08-24,0.8696208333333333,1.7358466666666668,0.8391931973415863,0.7029823344620783
2009-08-25,0.6552847222222222,1.2440533333333335,0.8391931973415863,0.6367682668757415
2009-08-26,0.7892680555555556,1.4319333333333333,0.8391931973415863,0.8984071730662587
2009-08-27,0.5204625,0.7008533333333333,0.8391931973415863,0.7620397799407532
2009-08-28,0.7769736111111112,0.9533333333333334,0.8391931973415863,1.227774857434133
2009-08-29,0.9641763888888889,1.46302,0.8391931973415863,1.591426950269891
2009-08-30,1.1585708333333333,1.4094066666666667,0.8391931973415863,1.5247688373008068
2009-08-31,0.8788347222222221,1.0380066666666665,0.7695045169397056,1.2502409342916176
2009-09-01,0.6809277777777777,1.2122133333333334,0.7695045169397056,0.8403453453453452
2009-09-02,0.8491763888888889,0.9586466666666666,0.7695045169397056,1.5193440056039722
2009-09-03,0.8688805555555557,0.8775733333333333,0.7695045169397056,1.5105805773267036
2009-09-04,0.7113805555555555,0.86344,0.7695045169397056,1.5284291172608528
2009-09-05,1.0512958333333333,1.0780466666666666,0.7695045169397056,2.296344522444998
2009-09-06,0.8532152777777778,1.4030133333333332,0.7695045169397056,0.9167574111458141
2009-09-07,0.8482347222222223,1.6222333333333334,0.9899505303890768,0.7820057189542485
2009-09-08,0.7543430555555555,1.0665,0.9899505303890768,1.1792637175243255
2009-09-09,1.056488888888889,1.4677466666666668,0.9899505303890768,1.3096790256906974
2009-09-10,0.7724680555555555,1.3929133333333334,0.9899505303890768,0.7904633442036102
2009-09-11,0.8431569444444444,1.05494,0.9899505303890768,1.4186271658452825
2009-09-12,1.4335819444444446,2.5566533333333332,0.9899505303890768,0.7320822663520821
2009-09-13,1.0914083333333333,1.8714066666666667,0.9899505303890768,0.8729210660539701
2009-09-14,1.0936513888888888,1.4187,1.0315430075708933,1.3711170398564252
2009-09-15,1.0116708333333333,1.883,1.0315430075708933,0.6596066083239729
2009-09-16,1.2105291666666667,1.51564,1.0315430075708933,1.191058095980291
2009-09-17,0.8496013888888888,0.95092,1.0315430075708933,1.590445579354795
2009-09-18,0.9541888888888889,1.4039866666666667,1.0315430075708933,1.065101794823238
2009-09-19,1.4831319444444444,2.2037133333333334,1.0315430075708933,1.2949817322157748
2009-09-20,1.4134222222222221,2.1385799999999997,1.0315430075708933,0.845690666753722
2009-09-21,0.9846305555555556,1.46118,0.8948046811221256,1.181946329587669
2009-09-22,0.86565,1.3700933333333334,0.8948046811221256,1.084131962789329
2009-09-23,1.1365347222222222,1.2475999999999998,0.8948046811221256,1.509991748947147
2009-09-24,0.9904569444444444,1.86468,0.8948046811221256,0.828676564863964
2009-09-25,0.8062611111111112,0.9045266666666667,0.8948046811221256,1.6112663005096513
2009-09-26,1.0807319444444443,1.09292,0.8948046811221256,2.594020489039565
2009-09-27,0.9794944444444444,1.56982,0.8948046811221256,0.9176215310822643
2009-09-28,0.9024,1.4013466666666667,0.9666703516562175,0.9724769806646691
2009-09-29,0.7961097222222222,1.4114,0.9666703516562175,1.163219171619964
2009-09-30,1.2336583333333333,1.79424,0.9666703516562175,1.0372946899792883
2009-10-01,0.893925,1.5811533333333334,0.9666703516562175,0.6866597833321978
2009-10-02,0.8004638888888889,1.0735133333333333,0.9666703516562175,1.9173491804772365
2009-10-03,1.1921805555555556,1.913533333333333,0.9666703516562175,1.893622615813
2009-10-04,1.1257680555555556,1.8989933333333333,0.9666703516562175,1.098888606926268
2009-10-05,0.8857791666666667,1.3444466666666666,1.0043709172567976,0.9710566412105216
2009-10-06,0.9919777777777778,1.3554666666666666,1.0043709172567976,1.272601153126551
2009-10-07,1.2651625,2.460453333333333,1.0043709172567976,1.0511528934924566
2009-10-08,1.0952541666666666,1.26928,1.0043709172567976,1.33663914947583
2009-10-09,0.9387930555555556,0.9859266666666667,1.0043709172567976,2.018708075421814
2009-10-10,1.3977472222222223,2.03814,1.0043709172567976,1.2350594866624174
2009-10-11,1.3464381944444446,1.4861966666666666,1.0043709172567976,1.8545300091574821
2009-10-12,0.938613888888889,1.3052666666666666,1.0210432582384479,1.3229024163888221
2009-10-13,1.0063194444444443,1.3968866666666666,1.0210432582384479,1.3821735628215877
2009-10-14,1.18835,1.5354999999999999,1.0210432582384479,1.469861815536587
2009-10-15,1.0347055555555555,1.7251933333333334,1.0210432582384479,0.9752414738455256
2009-10-16,1.053375,1.3022666666666667,1.0210432582384479,1.795787316238812
2009-10-17,1.9042222222222223,3.0099733333333334,1.0210432582384479,1.4031283576648093
2009-10-18,1.0806694444444445,1.87922,1.0210432582384479,0.5646695436392228
2009-10-19,0.9507694444444444,1.6353733333333333,1.1527939490784347,0.9171530352761939
2009-10-20,1.1963944444444445,2.0520066666666668,1.1527939490784347,1.2816412695974173
2009-10-21,1.3677125,2.2341333333333333,1.1527939490784347,1.6508696225668469
2009-10-22,0.9720208333333333,1.1132933333333332,1.1527939490784347,1.7799381931424578
2009-10-23,1.2204513888888888,1.9863,1.1527939490784347,1.3945939906584335
2009-10-24,1.815561111111111,2.8549333333333333,1.1527939490784347,1.0178132602279604
2009-10-25,1.6712055555555556,2.5466266666666666,1.1527939490784347,1.0578814869542614
2009-10-26,0.7724611111111112,1.2518266666666666,0.9642605784880303,0.8363875296339587
2009-10-27,0.775525,0.7796666666666667,0.9642605784880303,1.48479427549195
2009-10-28,0.8810472222222223,1.3042266666666666,0.9642605784880303,1.0673501844585522
2009-10-29,1.3760000000000001,2.5319800000000003,0.9642605784880303,0.9725124088376011
2009-10-30,1.0370541666666666,1.3326933333333333,0.9642605784880303,1.6754537148180664
2009-10-31,1.3027375,2.0494266666666667,0.9642605784880303,1.343234513064311
2009-11-01,1.2799777777777777,2.07328,0.9642605784880303,1.1599759998499992
2009-11-02,1.0446013888888888,2.0019733333333334,1.0870410204356737,0.8062271853986552
2009-11-03,1.5740888888888889,3.2955799999999997,1.0870410204356737,0.8822966682001704
2009-11-04,1.25125,2.45266,1.0870410204356737,1.2041553306844648
2009-11-05,1.0836569444444444,2.0811466666666667,1.0870410204356737,0.7394909272507976
2009-11-06,0.9655902777777778,1.28708,1.0870410204356737,2.081343296812396
2009-11-07,1.0813722222222222,1.33314,1.0870410204356737,1.7276861255819982
2009-11-08,1.7416680555555555,2.55556,1.0870410204356737,1.3507508712205711
2009-11-09,0.9774145833333334,1.9012766666666667,1.119850006011082,0.9257055448912215
2009-11-10,1.1154055555555555,1.6317666666666668,1.119850006011082,1.332318808591708
2009-11-11,1.417,3.048246666666667,1.119850006011082,1.1524096042396714
2009-11-12,1.0160180555555556,1.9269666666666667,1.119850006011082,0.8919038444131224
2009-11-13,1.0645319444444443,1.71886,1.119850006011082,1.1187643400138216
2009-11-14,1.7780944444444446,3.27418,1.119850006011082,0.9973010036210234
2009-11-15,1.366186111111111,3.1903933333333336,1.119850006011082,0.6185547672015481
2009-11-16,1.0517138888888888,1.6802333333333332,1.2212523782229368,0.9018095513166653
2009-11-17,1.186315277777778,1.7136266666666666,1.2212523782229368,1.50141156074104
2009-11-18,1.8327597222222223,3.03304,1.2212523782229368,1.7460502767719648
2009-11-19,1.0242,1.1914866666666668,1.2212523782229368,1.483971260437965
2009-11-20,1.3618166666666667,2.3025333333333333,1.2212523782229368,1.098025454265344
2009-11-21,1.733927777777778,3.610986666666667,1.2212523782229368,0.9597140551859675
2009-11-22,1.7020666666666668,3.7757066666666668,1.2212523782229368,0.6938772407291968
2009-11-23,1.0216125,1.7339866666666668,1.0293731218984,0.7707507312317192
2009-11-24,1.4783722222222224,2.6031666666666666,1.0293731218984,0.9409488590569763
2009-11-25,1.3750902777777778,2.2843400000000003,1.0293731218984,1.6112545595050018
2009-11-26,1.110851388888889,1.6922133333333333,1.0293731218984,1.334436612524262
2009-11-27,0.9583513888888889,0.96964,1.0293731218984,1.484527804582967
2009-11-28,1.2909375,2.30532,1.0293731218984,1.3664432127462935
2009-11-29,1.1465013888888889,1.6367666666666665,1.0293731218984,1.5487956624705517
2009-11-30,1.2119375000000001,1.7729466666666667,1.096258186717648,1.2568201568351576
2009-12-01,1.2197069444444444,1.84262,1.096258186717648,1.3733426661117447
2009-12-02,1.6289361111111111,2.484646666666667,1.096258186717648,1.5506039240930265
2009-12-03,1.0275611111111111,1.3993,1.096258186717648,1.1993899865036
2009-12-04,1.1883986111111111,1.8773799999999998,1.096258186717648,1.2975755411330967
2009-12-05,1.6331680555555557,3.4361333333333333,1.096258186717648,0.7439966184398846
2009-12-06,1.651588888888889,2.9166333333333334,1.096258186717648,1.1780869590701117
2009-12-07,1.2101652777777778,1.7325533333333332,1.0691601838262765,1.4402388374040436
2009-12-08,1.3936694444444444,2.5353133333333333,1.0691601838262765,1.1403931639975087
2009-12-09,1.2516361111111112,1.9581933333333332,1.0691601838262765,1.3369526037223076
2009-12-10,1.4299750000000002,2.39478,1.0691601838262765,1.2416329196603528
2009-12-11,1.2392097222222223,1.87266,1.0691601838262765,1.541686251385174
2009-12-12,1.2613750000000001,2.6371466666666667,1.0691601838262765,1.374793752565836
2009-12-13,1.4852874999999999,2.403026666666667,1.0691601838262765,1.4966195236516617
2009-12-14,1.2464319444444445,2.9747866666666667,0.9704297574745756,0.6161279459460433
2009-12-15,1.3473027777777777,1.6894333333333333,0.9704297574745756,1.6394627789976626
2009-12-16,0.9686625,1.3050266666666666,0.9704297574745756,1.5933292431256623
2009-12-17,1.1924875,1.5916000000000001,0.9704297574745756,1.428073301094426
2009-12-18,1.2116013888888888,1.73628,0.9704297574745756,1.5545042987326352
2009-12-19,1.5307875,0.8626333333333334,0.9704297574745756,2.0049074536041163
2009-12-20,0.7945597222222222,0.47906,0.9704297574745756,1.9683131842473929
2009-12-21,1.4131708333333333,2.69232,1.2071162440102448,0.8639965119325249
2009-12-22,1.3111263888888889,2.2711866666666665,1.2071162440102448,1.117694431919385
2009-12-23,1.0105555555555557,1.3822133333333333,1.2071162440102448,0.6153489229157092
2009-12-24,2.0179819444444442,4.2549600000000005,1.2071162440102448,0.892464252872665
2009-12-25,1.4775333333333334,2.112546666666667,1.2071162440102448,1.276128999129194
2009-12-26,1.5164013888888888,2.1057133333333335,1.2071162440102448,1.0247143670455325
2009-12-27,1.5246194444444443,2.960926666666667,1.2071162440102448,0.9357242614902803
2009-12-28,1.4542347222222223,2.5509866666666667,1.170700886446209,1.0796609933839285
2009-12-29,1.4222000000000001,1.5154333333333334,1.170700886446209,2.232823776780133
2009-12-30,1.7021597222222222,2.844726666666667,1.170700886446209,1.57509570815631
2009-12-31,1.536036111111111,2.71218,1.170700886446209,1.0267856651975114
2010-01-01,0.850175,0.5899533333333333,1.04165687588512,1.8830350414468726
2010-01-02,0.910982638888889,2.306923333333333,1.04165687588512,0.6033506443029635
2010-01-03,1.4468430555555556,2.18284,1.04165687588512,1.7266414521469422
2010-01-04,1.1139805555555555,1.6932066666666665,1.131782667929503,0.9590250622220158
2010-01-05,1.541513888888889,2.10188,1.131782667929503,1.7601102164041402
2010-01-06,1.2341527777777779,1.8918,1.131782667929503,1.3487974370699705
2010-01-07,1.2287791666666668,2.086406666666667,1.131782667929503,0.9173211452942556
2010-01-08,1.248061111111111,1.9563133333333333,1.131782667929503,1.7861616499857376
2010-01-09,1.6228472222222223,3.08824,1.131782667929503,0.9604142128981815
2010-01-10,1.7419902777777776,2.36694,1.131782667929503,1.9056174100792758
2010-01-11,1.0546416666666667,1.8043533333333335,0.9668398074346285,0.9780867309059932
2010-01-12,1.5276054126730565,1.6770223642172524,0.9668398074346285,2.040525395301199
2010-01-13,1.7377507987220446,1.7653546325878593,0.9668398074346285,1.0
2010-01-14,1.87044239971601,2.2274791735889243,0.9668398074346285,0.9536669182253527
2010-01-15,1.525527777777778,3.1973800000000003,0.9668398074346285,1.0313060588911944
2010-01-16,1.4931333333333334,1.6656733333333333,0.9668398074346285,1.8635096009141447
2010-01-17,1.3239972222222223,2.3225933333333333,0.9668398074346285,0.9628303460204051
2010-01-18,1.3063180555555556,1.8974666666666666,1.1647010468794678,1.1244062475295606
2010-01-19,1.689936111111111,3.08664,1.1647010468794678,1.321907822423058
2010-01-20,1.6331444444444445,2.40916,1.1647010468794678,1.2457595880769987
2010-01-21,1.484622222222222,2.3245733333333334,1.1647010468794678,1.086413391421121
2010-01-22,1.2434902777777777,1.3628933333333333,1.1647010468794678,1.0843190617091958
2010-01-23,1.813570138888889,3.2855999999999996,1.1647010468794678,0.9517426774365196
2010-01-24,1.575986111111111,1.6917266666666666,1.1647010468794678,2.303030832285408
2010-01-25,1.3406319444444443,2.3881266666666665,1.1573653100720938,0.7756322524153256
2010-01-26,1.4358083333333331,1.7136666666666667,1.1573653100720938,1.0793455720110143
2010-01-27,1.9172930555555556,3.51454,1.1573653100720938,0.8919280808822825
2010-01-28,1.4654402777777777,2.3415133333333333,1.1573653100720938,0.6844705841032347
2010-01-29,1.4534652777777777,1.0273,1.1573653100720938,2.4331122221347403
2010-01-30,1.9741166666666667,3.6686866666666664,1.1573653100720938,1.2927925384763044
2010-01-31,1.2494416666666666,2.4103133333333333,1.1573653100720938,0.9398130478377591
2010-02-01,1.1762347222222223,1.7079,1.09515187201595,0.8413472514235892
2010-02-02,1.4982166666666665,2.1290733333333334,1.09515187201595,1.0645637915294235
2010-02-03,2.0159819444444445,2.70242,1.09515187201595,1.1951056110651541
2010-02-04,1.6085208333333334,1.9917466666666668,1.09515187201595,1.0025019711452008
2010-02-05,1.4575638888888887,1.8183066666666665,1.09515187201595,0.8999105665446461
2010-02-06,1.8840180555555555,3.0003599999999997,1.09515187201595,1.012296358711293
2010-02-07,1.1289638888888889,2.080513333333333,1.09515187201595,0.771193863987972
2010-02-08,1.7932208333333333,2.7925066666666667,0.9965730194765855,1.324472585993958
2010-02-09,1.6812027777777776,2.4659933333333335,0.9965730194765855,0.6377766743202122
2010-02-10,1.3527944444444444,1.8885866666666666,0.9965730194765855,1.281186764595668
2010-02-11,0.9512277777777778,1.4802666666666666,0.9965730194765855,1.276193957924823
2010-02-12,1.3145819444444444,1.2051733333333334,0.9965730194765855,1.930609654147444
2010-02-13,1.633025,1.5799,0.9965730194765855,2.443717104974123
2010-02-14,1.1725694444444446,1.9514333333333331,0.9965730194765855,0.9901981122290219
2010-02-15,1.4563416666666666,2.788326666666667,1.1744743469735182,0.7952007724784024
2010-02-16,1.2484416666666667,1.50396,1.1744743469735182,1.879441075564354
2010-02-17,1.4267777777777777,2.001986666666667,1.1744743469735182,1.7556163575155244
2010-02-18,1.223025,1.5782466666666666,1.1744743469735182,1.6662286425390058
2010-02-19,1.3566472222222221,1.9345999999999999,1.1744743469735182,1.088693777878517
2010-02-20,1.377588888888889,2.1316333333333333,1.1744743469735182,0.95157386893542
2010-02-21,1.9029958333333332,2.4536066666666665,1.1744743469735182,1.818760093399303
2010-02-22,1.0236361111111112,1.2531866666666667,0.939028870781176,1.4044538401811288
2010-02-23,1.0147777777777778,1.5385533333333332,0.939028870781176,0.8566640323437257
2010-02-24,1.3293597222222222,1.74686,0.939028870781176,1.8314873651762842
2010-02-25,1.3056972222222223,1.7240333333333335,0.939028870781176,1.5391623294016599
2010-02-26,1.4723305555555555,2.3102799999999997,0.939028870781176,0.9859160206669939
2010-02-27,1.2257333333333333,1.8146333333333333,0.939028870781176,1.9273185617619741
2010-02-28,0.49421250000000005,0.34069333333333335,0.939028870781176,1.0064450647043899
2010-03-01,0.9018944444444444,1.0399466666666666,0.6187804132267152,1.2876045402343392
2010-03-02,0.5325736111111111,0.36269333333333337,0.6187804132267152,1.002114617489192
2010-03-03,0.6498847222222222,0.51976,0.6187804132267152,1.6087855844604766
2010-03-04,0.4742222222222222,0.49574,0.6187804132267152,1.1999574750488071
2010-03-05,0.7873097222222223,0.8290333333333334,0.6187804132267152,1.0485519344883165
2010-03-06,0.5518833333333333,0.60112,0.6187804132267152,1.6101830746290224
2010-03-07,0.9531055555555555,2.1778,0.6187804132267152,0.6154483563875366
2010-03-08,1.7757625,1.8188666666666666,1.0580709310966812,2.3670836405772677
2010-03-09,1.2223000000000002,1.6881733333333333,1.0580709310966812,1.4114096258442823
2010-03-10,1.2657166666666666,1.3718933333333332,1.0580709310966812,2.1968148174132667
2010-03-11,1.3549236111111111,2.3401533333333333,1.0580709310966812,0.7966135718639903
2010-03-12,1.1426555555555555,1.28234,1.0580709310966812,1.604565759023405
2010-03-13,1.6548680555555555,2.7318333333333333,1.0580709310966812,1.5253648145989422
2010-03-14,1.0879958333333333,1.7684199999999999,1.0580709310966812,0.8399719080010523
2010-03-15,1.2443402777777777,1.8425266666666669,0.799863749078864,1.175906136763263
2010-03-16,1.0712847222222224,1.4306599999999998,0.799863749078864,1.2561740763382894
2010-03-17,1.3952291666666665,1.7996066666666666,0.799863749078864,1.8906016205888447
2010-03-18,1.0851958333333334,2.069093333333333,0.799863749078864,1.027724360222044
2010-03-19,1.1551277777777778,1.4596200000000001,0.799863749078864,1.1937607651463797
2010-03-20,0.6365324786324786,0.7755571992110454,0.799863749078864,0.9085447247883883
2010-03-21,1.2236911324786324,1.6899733333333333,0.799863749078864,0.9261749106875957
2010-03-22,1.1240208333333332,1.30786,0.9453347646572611,1.5605658401384541
2010-03-23,1.265390277777778,1.7100933333333335,0.9453347646572611,1.3302138695503167
2010-03-24,1.3852444444444445,1.4334333333333333,0.9453347646572611,2.0589007443483807
2010-03-25,1.166586111111111,1.4669333333333332,0.9453347646572611,1.1929169114287579
2010-03-26,1.146725,1.7109066666666668,0.9453347646572611,1.329696189887669
2010-03-27,1.2833125,1.9710266666666667,0.9453347646572611,1.419385246223577
2010-03-28,1.2487597222222222,2.00144,0.9453347646572611,0.716531148755329
2010-03-29,1.126901388888889,1.3588133333333334,0.8609208179389573,1.8159725957984385
2010-03-30,1.3239263888888888,1.4512933333333333,0.8609208179389573,1.514619836760105
2010-03-31,1.3359736111111111,1.7370133333333335,0.8609208179389573,1.70575411671383
2010-04-01,1.1718333333333333,1.6727266666666667,0.8609208179389573,0.939131513989823
2010-04-02,1.1448763888888889,1.5450666666666666,0.8609208179389573,1.712789729514482
2010-04-03,1.2536652777777777,1.4604933333333334,0.8609208179389573,2.2174940561272685
2010-04-04,1.1738805555555556,1.6748533333333333,0.8609208179389573,1.8859015945641409
2010-04-05,0.7769583333333333,1.14388,0.9231776715674523,1.1366532221101842
2010-04-06,1.267952777777778,1.6050866666666668,0.9231776715674523,1.3672765555797577
2010-04-07,1.1090152777777778,1.2167533333333334,0.9231776715674523,1.5725824379399778
2010-04-08,1.1452916666666666,1.6303666666666667,0.9231776715674523,1.133791172535858
2010-04-09,0.8564930555555554,0.6457466666666666,0.9231776715674523,2.6784574547406717
2010-04-10,0.8265333333333333,1.19632,0.9231776715674523,1.3032747229780202
2010-04-11,1.113320138888889,2.3139933333333333,0.9231776715674523,0.6685341454073138
2010-04-12,0.9996013888888888,1.2665133333333334,0.8510973784296101,1.5580882039324966
2010-04-13,1.0504888888888888,1.23522,0.8510973784296101,1.8332671546408745
2010-04-14,1.1530305555555556,1.2104666666666666,0.8510973784296101,1.69755064109646
2010-04-15,1.3001236111111112,1.7863,0.8510973784296101,1.2762097901757816
2010-04-16,1.0847652777777776,1.3404133333333335,0.8510973784296101,2.068498263479641
2010-04-17,1.0817444444444444,0.8792933333333334,0.8510973784296101,2.8153406029254713
2010-04-18,1.0250736111111112,1.4651333333333334,0.8510973784296101,1.0629028381045018
2010-04-19,1.186523611111111,2.1073733333333333,0.814121481340649,1.5757051330368583
2010-04-20,1.2733527777777778,1.7820266666666664,0.814121481340649,1.5163209797253718
2010-04-21,1.0971625,1.22224,0.814121481340649,1.3129944660791146
2010-04-22,1.0145166666666667,0.8776399999999999,0.814121481340649,2.3058558905126336
2010-04-23,0.8198166666666667,0.5335000000000001,0.814121481340649,2.8240690352172897
2010-04-24,1.0544569444444443,2.3550066666666667,0.814121481340649,0.4201945074740778
2010-04-25,1.071348611111111,0.37652,0.814121481340649,0.7740864169420812
2010-04-26,0.751886111111111,1.0468466666666665,0.8581092590835163,0.7737404450094526
2010-04-27,0.8687083333333334,0.37108,0.8581092590835163,1.5287249440055632
2010-04-28,0.6026791666666667,1.0206,0.8581092590835163,0.8597143114288285
2010-04-29,0.7664749999999999,0.6721933333333333,0.8581092590835163,1.126586668516335
2010-04-30,0.776825,0.9237933333333332,0.8581092590835163,2.307358437012158
2010-05-01,0.9167763888888888,0.7463666666666666,0.8581092590835163,1.1968143348276539
2010-05-02,1.5193819444444443,2.53466,0.8581092590835163,1.5862187170503599
2010-05-03,0.9800708333333332,1.6206,0.8830768370381986,0.8950060960217415
2010-05-04,1.0534444444444444,1.1998333333333333,0.8830768370381986,1.7335863363931565
2010-05-05,1.253686111111111,1.5380533333333333,0.8830768370381986,1.446528419609002
2010-05-06,0.9022569444444445,1.1668733333333334,0.8830768370381986,1.2791060746925815
2010-05-07,1.1416694444444444,1.39974,0.8830768370381986,1.2356755286598218
2010-05-08,1.0648763888888888,0.9507933333333334,0.8830768370381986,1.2355632273057287
2010-05-09,1.0878541666666666,1.7175066666666665,0.8830768370381986,1.268128259553877
2010-05-10,1.0193694444444446,1.4693333333333334,0.984433401483405,0.9198470287265821
2010-05-11,1.0912277777777777,1.1447,0.984433401483405,1.3056746517353803
2010-05-12,1.4134847222222222,1.56284,0.984433401483405,2.187482578151671
2010-05-13,1.0792972222222224,1.7818866666666668,0.984433401483405,1.0687310655471494
2010-05-14,1.1959347222222223,1.4948533333333334,0.984433401483405,2.2215296666130415
2010-05-15,1.3505361111111112,2.0434799999999997,0.984433401483405,0.6889325042553931
2010-05-16,1.4586291666666666,2.03418,0.984433401483405,0.6201040358633712
2010-05-17,1.1306819444444445,1.2835,0.759332767036245,1.9600079991273678
2010-05-18,0.9869333333333333,1.0425600000000002,0.759332767036245,1.6815905565891414
2010-05-19,0.9908,1.0860333333333334,0.759332767036245,1.2283738321260227
2010-05-20,0.8013180555555555,0.7204466666666666,0.759332767036245,1.9333655337214326
2010-05-21,0.898886111111111,0.8664666666666666,0.759332767036245,1.5587724812499755
2010-05-22,1.4553972222222222,1.6055066666666666,0.759332767036245,1.8433902977744254
2010-05-23,1.033025,0.9781733333333333,0.759332767036245,1.495145761347244
2010-05-24,0.9314805555555556,1.8811466666666667,0.8761231997870226,0.8837768452511361
2010-05-25,0.8323791666666667,1.2442133333333334,0.8761231997870226,1.2993899631675876
2010-05-26,0.9638083333333334,1.31808,0.8761231997870226,1.5504228395855768
2010-05-27,0.9189875000000001,1.08968,0.8761231997870226,1.4011169656854208
2010-05-28,0.9709472222222222,0.8808933333333332,0.8761231997870226,1.8822893990368754
2010-05-29,1.4234777777777778,2.1914,0.8761231997870226,1.097500977220029
2010-05-30,1.1567361111111112,2.3662,0.8761231997870226,0.9438901142503705
2010-05-31,0.9308763888888889,1.2070866666666666,0.8765108320364035,1.6579276103155498
2010-06-01,0.8812249999999999,0.43815333333333334,0.8765108320364035,3.3615403651561815
2010-06-02,0.6811791666666667,0.6176466666666667,0.8765108320364035,1.468562196116329
2010-06-03,0.9681847222222222,0.5902066666666667,0.8765108320364035,2.7557675937200306
2010-06-04,0.9864958333333333,0.78334,0.8765108320364035,1.753908249197413
2010-06-05,1.3955861111111112,1.41972,0.8765108320364035,1.0059170062024758
2010-06-06,1.21305,1.2368333333333335,0.8765108320364035,1.2934373883998906
2010-06-07,0.7028347222222222,0.9131733333333333,0.8423587220665663,1.5344375106427737
2010-06-08,0.9458569444444446,1.0465,0.8423587220665663,1.6666914664087493
2010-06-09,1.065751388888889,1.5323933333333335,0.8423587220665663,1.5260259271695404
2010-06-10,0.8438819444444445,0.9972733333333333,0.8423587220665663,1.4702297462667753
2010-06-11,1.0213,0.8988933333333333,0.8423587220665663,2.013536275003996
2010-06-12,1.3711576388888889,1.9727966666666668,0.8423587220665663,1.1315908227246818
2010-06-13,1.1627472222222222,1.6205333333333334,0.8423587220665663,1.1505308395562168
2010-06-14,0.8458222222222221,0.8777733333333333,0.7825163795172447,1.4194576211929792
2010-06-15,0.8499763888888888,0.8582,0.7825163795172447,1.3199452599017407
2010-06-16,1.2278416666666667,1.2155799999999999,0.7825163795172447,1.2837664686127617
2010-06-17,0.7139013888888889,0.7061066666666667,0.7825163795172447,1.53534875232444
2010-06-18,0.9252194444444445,0.9762533333333333,0.7825163795172447,1.8530228016377437
2010-06-19,0.9834861111111112,0.9569200000000001,0.7825163795172447,1.3080734166240215
2010-06-20,1.1614930555555556,2.29364,0.7825163795172447,0.8994292229664507
2010-06-21,1.1533958333333334,1.801,0.8570847064918076,1.0957179413412474
2010-06-22,1.055963888888889,1.4170266666666667,0.8570847064918076,1.5117577487495621
2010-06-23,1.0014333333333334,1.8864733333333334,0.8570847064918076,0.9369251267944639
2010-06-24,0.7609583333333333,1.07194,0.8570847064918076,0.8516866236096888
2010-06-25,0.7634986111111112,0.52354,0.8570847064918076,2.0714848442519904
2010-06-26,0.6816805555555555,0.7765466666666666,0.8570847064918076,1.8194994169246943
2010-06-27,0.7916416666666666,0.6078600000000001,0.8570847064918076,1.3345948735592639
2010-06-28,1.021763888888889,1.3854733333333333,0.6954123873298882,1.124341259872078
2010-06-29,0.9503770833333333,1.1452066666666667,0.6954123873298882,1.2023543611200513
2010-06-30,0.9612055555555555,1.3186733333333331,0.6954123873298882,0.9353997941742359
2010-07-01,0.9368069444444445,0.8026266666666667,0.6954123873298882,1.0969247222239495
2010-07-02,0.7923111111111112,1.04148,0.6954123873298882,0.6445856420486977
2010-07-03,0.7778291666666667,0.9723066666666667,0.6954123873298882,0.5402727202719502
2010-07-04,1.0681166666666666,0.5791799999999999,0.6954123873298882,0.7800543475744964
2010-07-05,0.7736041666666666,0.9556666666666667,0.6412312674433611,0.8662299805669103
2010-07-06,0.6985652777777778,0.9310133333333332,0.6412312674433611,1.3433814930602468
2010-07-07,0.5797138888888889,0.67994,0.6412312674433611,1.0918230294282736
2010-07-08,0.8421194444444444,0.9453266666666668,0.6412312674433611,1.098769107221976
2010-07-09,0.7524152777777778,0.6382866666666667,0.6412312674433611,0.94138980171799
2010-07-10,0.8017388888888888,0.7680666666666667,0.6412312674433611,1.641051567239636
2010-07-11,0.8288694444444445,0.9914266666666667,0.6412312674433611,0.7868432792696767
2010-07-12,0.7705375000000001,1.1773933333333333,0.7048706891841848,0.8031884811648844
2010-07-13,0.9598013888888889,1.3200266666666667,0.7048706891841848,1.0683950757700469
2010-07-14,0.9788,0.9983333333333333,0.7048706891841848,0.742046002298879
2010-07-15,1.1359812500000002,0.77002,0.7048706891841848,0.8612049152349529
2010-07-16,0.5694833333333333,0.42837333333333333,0.7048706891841848,1.0363134317980909
2010-07-17,0.5599666666666666,0.5248066666666666,0.7048706891841848,0.8063440860215054
2010-07-18,0.5639152777777778,0.92694,0.7048706891841848,0.46867810686846184
2010-07-19,0.5563597222222222,0.9131266666666666,0.6085207758235799,0.7644708732518445
2010-07-20,0.5943222222222222,0.8486666666666667,0.6085207758235799,0.7386174336304758
2010-07-21,0.7390041666666666,0.7163266666666667,0.6085207758235799,0.747973061760841
2010-07-22,0.8086430555555555,0.4991,0.6085207758235799,0.4592567157744883
2010-07-23,0.8167763888888888,1.0595733333333335,0.6085207758235799,0.5958421413975854
2010-07-24,0.6400472222222222,0.8939,0.6085207758235799,0.6106262734996732
2010-07-25,0.7850069444444445,0.5865466666666667,0.6085207758235799,0.9878206616162681
2010-07-26,0.6139930555555555,0.4773066666666667,0.4899412836461192,0.8283805860578612
2010-07-27,0.6613611111111111,0.42054,0.4899412836461192,0.6748030388294879
2010-07-28,0.5990652777777777,0.4575666666666667,0.4899412836461192,0.947951008463324
2010-07-29,0.38132222222222223,0.4839866666666667,0.4899412836461192,0.963104907905274
2010-07-30,0.38281944444444443,0.47415333333333337,0.4899412836461192,1.5383800709121882
2010-07-31,0.38515,0.42858666666666667,0.4899412836461192,0.9884696467753732
2010-08-01,0.38587777777777776,0.4335333333333333,0.4899412836461192,0.9870833005528578
2010-08-02,0.38158472222222223,0.39952,0.3348796832589424,1.0047210081213014
2010-08-03,0.42723055555555556,0.36800666666666665,0.3348796832589424,1.1759853993944709
2010-08-04,0.37733055555555556,0.30624666666666667,0.3348796832589424,1.006603048924604
2010-08-05,0.37046944444444446,0.28747333333333336,0.3348796832589424,0.9667172960936692
2010-08-06,0.36440694444444444,0.28567333333333333,0.3348796832589424,0.976236027838872
2010-08-07,0.36630277777777775,0.2893266666666667,0.3348796832589424,0.9731858956614121
2010-08-08,0.3669861111111111,0.29274,0.3348796832589424,0.9814327386710461
2010-08-09,0.3715722222222222,0.2913733333333334,0.4488697881891465,0.9895884461499561
2010-08-10,0.3783041666666667,0.29057333333333335,0.4488697881891465,1.0005361615241677
2010-08-11,0.3763902777777777,0.2967533333333333,0.4488697881891465,1.0061813847782475
2010-08-12,0.3678458333333333,0.29583333333333334,0.4488697881891465,1.00612785941524
2010-08-13,0.37103749999999996,0.27867333333333333,0.4488697881891465,0.9595469849117224
2010-08-14,0.3849097222222222,0.2847133333333333,0.4488697881891465,0.8784865553680244
2010-08-15,0.7333236111111112,1.4370666666666667,0.4488697881891465,0.9203027426505621
2010-08-16,0.7845347222222222,1.0453933333333334,0.3379950314208458,1.053569156381219
2010-08-17,0.7909128459250035,0.5380611290992112,0.3379950314208458,0.9984374552929252
2010-08-18,0.8746699875466999,0.8589788293897883,0.3379950314208458,1.0
2010-08-19,0.8244582814445829,0.8087671232876713,0.3379950314208458,1.0
2010-08-20,0.7742465753424658,0.7585554171855542,0.3379950314208458,1.0
2010-08-21,0.7240348692403487,0.7083437110834371,0.3379950314208458,1.0
2010-08-22,0.6698857738342328,0.6643763221253632,0.3379950314208458,1.0118249083426378
2010-08-23,0.5317069444444444,0.6055533333333333,0.8380813386329953,1.0407968526771436
2010-08-24,0.5020472222222222,0.48289333333333334,0.8380813386329953,1.2135307589619233
2010-08-25,0.6808388888888889,0.8555200000000001,0.8380813386329953,0.8259784475212414
2010-08-26,0.5258694444444444,0.5704533333333334,0.8380813386329953,1.1116663506263178
2010-08-27,1.4101736111111112,2.40868,0.8380813386329953,1.2502072187476454
2010-08-28,1.0019833333333332,1.1568133333333332,0.8380813386329953,2.229527497370012
2010-08-29,1.1586666666666667,1.9438933333333333,0.8380813386329953,0.8949104265047598
2010-08-30,1.0380569444444443,0.9929,0.802528467356849,1.906987417592034
2010-08-31,0.9479902777777778,1.5156933333333333,0.802528467356849,1.2471916401085155
2010-09-01,1.1064708333333333,1.3945266666666667,0.802528467356849,1.8079848578840516
2010-09-02,0.9670083333333334,1.1793133333333332,0.802528467356849,1.63837478968669
2010-09-03,0.9350097222222222,1.07002,0.802528467356849,1.0719608018146396
2010-09-04,1.2109999999999999,1.7176933333333333,0.802528467356849,1.0855438458852176
2010-09-05,0.9187625,1.2106133333333333,0.802528467356849,1.2106302633337789
2010-09-06,0.9881083333333334,1.5140266666666669,0.8424705555764348,1.7515818623431678
2010-09-07,1.0082319444444445,1.7131933333333331,0.8424705555764348,0.6957424641662462
2010-09-08,0.9054249999999999,1.5883133333333335,0.8424705555764348,0.8769931531697541
2010-09-09,0.8602180555555555,1.3342266666666667,0.8424705555764348,1.0262143735769058
2010-09-10,0.9222972222222222,1.89888,0.8424705555764348,0.5030783438510082
2010-09-11,1.0161875,1.0518466666666666,0.8424705555764348,1.2790292737931335
2010-09-12,1.1195083333333333,0.8313333333333334,0.8424705555764348,0.6364455831687169
2010-09-13,0.7474444444444444,1.11564,0.8108184389802097,0.824289738539714
2010-09-14,0.993526388888889,1.66856,0.8108184389802097,1.019003508296571
2010-09-15,0.6847875,0.7790866666666667,0.8108184389802097,0.9716201733900638
2010-09-16,0.9303736111111112,1.4333266666666666,0.8108184389802097,0.9112302455697864
2010-09-17,1.0400055555555556,1.9732533333333333,0.8108184389802097,1.1141905245920154
2010-09-18,0.8666291666666666,1.3811200000000001,0.8108184389802097,1.072456066348035
2010-09-19,0.6386111111111111,1.4614266666666667,0.8108184389802097,0.522884670797908
2010-09-20,1.1686333333333334,1.7251466666666666,0.7262199895321533,1.388879740618133
2010-09-21,0.7717888888888889,1.0397866666666666,0.7262199895321533,1.1161085914264715
2010-09-22,1.0488847222222222,1.69888,0.7262199895321533,1.3829714054917106
2010-09-23,1.0068486111111112,1.0410733333333333,0.7262199895321533,1.650182788623236
2010-09-24,0.9222166666666667,1.4980733333333334,0.7262199895321533,1.0766488190552443
2010-09-25,0.406499875376522,0.537069873997709,0.7262199895321533,0.7512260779675389
2010-09-26,0.9513654066437572,1.1396815578465063,0.7262199895321533,1.0
2010-09-27,1.5539770904925543,1.7422932416953036,0.8684180012322841,1.0
2010-09-28,2.0053701274871667,2.1806364057528316,0.8684180012322841,1.1631135842283624
2010-09-29,1.1697402777777777,1.3742733333333332,0.8684180012322841,1.4090140700039187
2010-09-30,0.8668597222222222,0.8465733333333334,0.8684180012322841,1.5776914149778425
2010-10-01,1.045013888888889,1.0056933333333333,0.8684180012322841,1.695747196445846
2010-10-02,1.3355930555555555,2.305746666666667,0.8684180012322841,0.9349371505148084
2010-10-03,1.2713083333333333,1.8810333333333331,0.8684180012322841,1.1246062823069012
2010-10-04,1.2333055555555557,1.7741,0.900321141077714,0.9976648391821088
2010-10-05,1.2879333333333334,1.5514266666666667,0.900321141077714,1.4789401084271643
2010-10-06,0.913511111111111,0.60432,0.900321141077714,1.3347532231498838
2010-10-07,1.2569124999999999,1.7079466666666667,0.900321141077714,1.3349243903886392
2010-10-08,1.0489277777777777,1.6977133333333334,0.900321141077714,1.1570732069565317
2010-10-09,1.1192916666666666,1.6057466666666667,0.900321141077714,1.3122742283955047
2010-10-10,1.3881277777777778,2.8283,0.900321141077714,0.7459872682677997
2010-10-11,1.126798611111111,2.0234400000000003,0.9581827834126508,0.8425834027930765
2010-10-12,1.0970083333333334,1.5796466666666666,0.9581827834126508,1.2211892147268248
2010-10-13,1.4401986111111111,1.8219866666666666,0.9581827834126508,1.6694649964216388
2010-10-14,1.482723611111111,2.483686666666667,0.9581827834126508,1.0590444265286203
2010-10-15,1.1085583333333333,1.2848199999999999,0.9581827834126508,1.7389093255003156
2010-10-16,0.6944541666666667,0.47608666666666666,0.9581827834126508,2.412597769557324
2010-10-17,0.7273486111111112,1.5363266666666668,0.9581827834126508,0.5283510043747135
2010-10-18,1.8846416666666668,2.7720133333333337,1.1608607907067776,1.2883127483186845
2010-10-19,1.3374847222222224,2.6175,1.1608607907067776,0.8136991409785801
2010-10-20,1.199975,1.78734,1.1608607907067776,1.0770345867119906
2010-10-21,0.9411097222222223,1.6043866666666666,1.1608607907067776,0.6528175507237186
2010-10-22,1.1589527777777777,1.2593466666666668,1.1608607907067776,1.6487742476137268
2010-10-23,1.592525,2.51082,1.1608607907067776,1.3790976335964975
2010-10-24,1.6613222222222224,1.9005199999999998,1.1608607907067776,1.0661498493767791
2010-10-25,0.8078416666666666,0.8592266666666668,0.8318113148752118,1.159579405420056
2010-10-26,0.6568777777777778,0.5075133333333333,0.8318113148752118,1.4547766601268517
2010-10-27,0.8751930555555556,0.65712,0.8318113148752118,1.7075967859751644
2010-10-28,1.0161986111111112,1.3609266666666668,0.8318113148752118,1.326624776611103
2010-10-29,0.8364041666666667,1.26796,0.8318113148752118,0.8021528480198227
2010-10-30,1.4949305555555554,2.5202,0.8318113148752118,0.6462809361172334
2010-10-31,1.025298611111111,0.5523,0.8318113148752118,0.5082695706361288
2010-11-01,0.9605416666666667,0.79692,0.9938371716469033,1.035051892219551
2010-11-02,0.8271402777777779,0.9772400000000001,0.9938371716469033,0.4695245779880126
2010-11-03,0.8981236111111112,1.5305133333333334,0.9938371716469033,0.7973206220381616
2010-11-04,1.7744069444444446,2.7931733333333333,0.9938371716469033,1.232430335553113
2010-11-05,1.2056166666666666,1.5428533333333334,0.9938371716469033,1.6110591398981498
2010-11-06,1.2537555555555555,1.57772,0.9938371716469033,1.7758767020504558
2010-11-07,1.1623722222222221,1.7915,0.9938371716469033,1.340176609083232
2010-11-08,1.2677361111111112,1.9202733333333333,1.0293193959279308,1.1628339553343998
2010-11-09,1.4042347222222222,2.84628,1.0293193959279308,0.9174220930938219
2010-11-10,1.3517597222222224,0.9717466666666666,1.0293193959279308,3.2352047832065582
2010-11-11,1.231661111111111,1.6575066666666667,1.0293193959279308,2.283760715409824
2010-11-12,1.2755708333333333,1.9994333333333334,1.0293193959279308,1.8112872566095377
2010-11-13,1.4049819444444445,2.0376333333333334,1.0293193959279308,1.4573480899193016
2010-11-14,1.41555,2.2832866666666667,1.0293193959279308,1.114527683782264
2010-11-15,1.2134597222222223,1.6521533333333334,0.9614029219701377,1.5033767424535467
2010-11-16,1.0484361111111111,2.032626666666667,0.9614029219701377,1.0010921689892929
2010-11-17,1.0986333333333334,1.7970866666666665,0.9614029219701377,1.1474284318117036
2010-11-18,1.1473277777777777,1.9959666666666664,0.9614029219701377,0.9648874099410351
2010-11-19,1.0905555555555557,1.3072266666666668,0.9614029219701377,1.8635301068171126
2010-11-20,1.525698611111111,2.9146133333333335,0.9614029219701377,1.1148320845237454
2010-11-21,0.6256319444444445,0.65932,0.9614029219701377,1.1313728737372541
2010-11-22,1.4177333333333333,2.07496,0.944611251258208,1.601962238756892
2010-11-23,1.095511111111111,1.8205933333333333,0.944611251258208,1.3040014955586
2010-11-24,1.2473944444444445,1.8759066666666668,0.944611251258208,1.798547947339721
2010-11-25,0.9938638888888889,1.8025866666666666,0.944611251258208,0.9567085125523986
2010-11-26,1.1782296120348377,1.5232427983539096,0.944611251258208,2.269082421016335
